Praia;Natural_ID;Location_ID;Freguesias;Município;Distrito
Praia da Foz do Minho;Moledo e CristeloCAMINHAVIANA DO CASTELO;160224;Moledo e Cristelo;CAMINHA;VIANA DO CASTELO
Praia do Camarido;Moledo e CristeloCAMINHAVIANA DO CASTELO;160224;Moledo e Cristelo;CAMINHA;VIANA DO CASTELO
Praia de Moledo;Moledo e CristeloCAMINHAVIANA DO CASTELO;160224;Moledo e Cristelo;CAMINHA;VIANA DO CASTELO
Praia de Vila Praia de Âncora;Vila Praia de ÂncoraCAMINHAVIANA DO CASTELO;160217;Vila Praia de Âncora;CAMINHA;VIANA DO CASTELO
Praia da Duna do Caldeirão;ÂncoraCAMINHAVIANA DO CASTELO;160201;Âncora;CAMINHA;VIANA DO CASTELO
Praia do Forte do Cão;ÂncoraCAMINHAVIANA DO CASTELO;160201;Âncora;CAMINHA;VIANA DO CASTELO
Praia da Gelfa;AfifeVIANA DO CASTELOVIANA DO CASTELO;160901;Afife;VIANA DO CASTELO;VIANA DO CASTELO
Praia da Ínsua;AfifeVIANA DO CASTELOVIANA DO CASTELO;160901;Afife;VIANA DO CASTELO;VIANA DO CASTELO
Praia de Afife;AfifeVIANA DO CASTELOVIANA DO CASTELO;160901;Afife;VIANA DO CASTELO;VIANA DO CASTELO
Praia da Arda;AfifeVIANA DO CASTELOVIANA DO CASTELO;160901;Afife;VIANA DO CASTELO;VIANA DO CASTELO
Praia de Paçô;CarreçoVIANA DO CASTELOVIANA DO CASTELO;160908;Carreço;VIANA DO CASTELO;VIANA DO CASTELO
Praia de Fornelos e Promontório de Montedor;CarreçoVIANA DO CASTELOVIANA DO CASTELO;160908;Carreço;VIANA DO CASTELO;VIANA DO CASTELO
Praia de Carreço;CarreçoVIANA DO CASTELOVIANA DO CASTELO;160908;Carreço;VIANA DO CASTELO;VIANA DO CASTELO
Praia do Camarido;CarreçoVIANA DO CASTELOVIANA DO CASTELO;160908;Carreço;VIANA DO CASTELO;VIANA DO CASTELO
Praia do Lumiar;CarreçoVIANA DO CASTELOVIANA DO CASTELO;160908;Carreço;VIANA DO CASTELO;VIANA DO CASTELO
Praia do Canto Marinho;CarreçoVIANA DO CASTELOVIANA DO CASTELO;160908;Carreço;VIANA DO CASTELO;VIANA DO CASTELO
Praia do Marco Branco;CarreçoVIANA DO CASTELOVIANA DO CASTELO;160908;Carreço;VIANA DO CASTELO;VIANA DO CASTELO
Praia do Porto de Vinha;AreosaVIANA DO CASTELOVIANA DO CASTELO;160905;Areosa;VIANA DO CASTELO;VIANA DO CASTELO
Praia do Norte;Viana do Castelo (Santa Maria Maior e Monserrate) e MeadelaVIANA DO CASTELOVIANA DO CASTELO;160948;Viana do Castelo (Santa Maria Maior e Monserrate) e Meadela;VIANA DO CASTELO;VIANA DO CASTELO
Praia do Coral;Viana do Castelo (Santa Maria Maior e Monserrate) e MeadelaVIANA DO CASTELOVIANA DO CASTELO;160948;Viana do Castelo (Santa Maria Maior e Monserrate) e Meadela;VIANA DO CASTELO;VIANA DO CASTELO
Praia do Cabedelo;DarqueVIANA DO CASTELOVIANA DO CASTELO;160911;Darque;VIANA DO CASTELO;VIANA DO CASTELO
Praia de Luzia Mar;DarqueVIANA DO CASTELOVIANA DO CASTELO;160911;Darque;VIANA DO CASTELO;VIANA DO CASTELO
Praia do Rodanho;AnhaVIANA DO CASTELOVIANA DO CASTELO;160904;Anha;VIANA DO CASTELO;VIANA DO CASTELO
Praia da Amorosa;ChaféVIANA DO CASTELOVIANA DO CASTELO;160940;Chafé;VIANA DO CASTELO;VIANA DO CASTELO
Praia da Amorosa (Sul);ChaféVIANA DO CASTELOVIANA DO CASTELO;160940;Chafé;VIANA DO CASTELO;VIANA DO CASTELO
Praia da Pedra Alta;Castelo do NeivaVIANA DO CASTELOVIANA DO CASTELO;160910;Castelo do Neiva;VIANA DO CASTELO;VIANA DO CASTELO
Praia de Castelo do Neiva;Castelo do NeivaVIANA DO CASTELOVIANA DO CASTELO;160910;Castelo do Neiva;VIANA DO CASTELO;VIANA DO CASTELO
Praia de Antas;AntasESPOSENDEBRAGA;30601;Antas;ESPOSENDE;BRAGA
Praia de Belinho;Belinho e MarESPOSENDEBRAGA;30617;Belinho e Mar;ESPOSENDE;BRAGA
Praia de São Bartolomeu do Mar;Belinho e MarESPOSENDEBRAGA;30617;Belinho e Mar;ESPOSENDE;BRAGA
Praia de Rio de Moinhos;Esposende, Marinhas e GandraESPOSENDEBRAGA;30618;Esposende, Marinhas e Gandra;ESPOSENDE;BRAGA
Praia de Barrelas;Esposende, Marinhas e GandraESPOSENDEBRAGA;30618;Esposende, Marinhas e Gandra;ESPOSENDE;BRAGA
Praia de Marinhas;Esposende, Marinhas e GandraESPOSENDEBRAGA;30618;Esposende, Marinhas e Gandra;ESPOSENDE;BRAGA
Praia de Cepães;Esposende, Marinhas e GandraESPOSENDEBRAGA;30618;Esposende, Marinhas e Gandra;ESPOSENDE;BRAGA
Praia de Suave Mar;Esposende, Marinhas e GandraESPOSENDEBRAGA;30618;Esposende, Marinhas e Gandra;ESPOSENDE;BRAGA
Praia de Esposende;Esposende, Marinhas e GandraESPOSENDEBRAGA;30618;Esposende, Marinhas e Gandra;ESPOSENDE;BRAGA
Praia de Ofir;Apúlia e FãoESPOSENDEBRAGA;30616;Apúlia e Fão;ESPOSENDE;BRAGA
Praia da Bonança;Apúlia e FãoESPOSENDEBRAGA;30616;Apúlia e Fão;ESPOSENDE;BRAGA
Praia de Fão;Apúlia e FãoESPOSENDEBRAGA;30616;Apúlia e Fão;ESPOSENDE;BRAGA
Praia Nova;Apúlia e FãoESPOSENDEBRAGA;30616;Apúlia e Fão;ESPOSENDE;BRAGA
Praia de Pedrinhas;Apúlia e FãoESPOSENDEBRAGA;30616;Apúlia e Fão;ESPOSENDE;BRAGA
Praia de Apúlia (Norte);Apúlia e FãoESPOSENDEBRAGA;30616;Apúlia e Fão;ESPOSENDE;BRAGA
Praia de Apúlia;Apúlia e FãoESPOSENDEBRAGA;30616;Apúlia e Fão;ESPOSENDE;BRAGA
Praia da Ramalha;Apúlia e FãoESPOSENDEBRAGA;30616;Apúlia e Fão;ESPOSENDE;BRAGA
Praia do Parque de Campismo;EstelaPÓVOA DE VARZIMPORTO;131307;Estela;PÓVOA DE VARZIM;PORTO
Praia da Estela;EstelaPÓVOA DE VARZIMPORTO;131307;Estela;PÓVOA DE VARZIM;PORTO
Praia do Rio Alto;EstelaPÓVOA DE VARZIMPORTO;131307;Estela;PÓVOA DE VARZIM;PORTO
Praia da Barranha;Aguçadoura e NavaisPÓVOA DE VARZIMPORTO;131314;Aguçadoura e Navais;PÓVOA DE VARZIM;PORTO
Praia da Codixeira;EstelaPÓVOA DE VARZIMPORTO;131307;Estela;PÓVOA DE VARZIM;PORTO
Praia da Aguçadoura;Aguçadoura e NavaisPÓVOA DE VARZIMPORTO;131314;Aguçadoura e Navais;PÓVOA DE VARZIM;PORTO
Praia de Paimó;Aguçadoura e NavaisPÓVOA DE VARZIMPORTO;131314;Aguçadoura e Navais;PÓVOA DE VARZIM;PORTO
Praia das Pedras Negras;Aguçadoura e NavaisPÓVOA DE VARZIMPORTO;131314;Aguçadoura e Navais;PÓVOA DE VARZIM;PORTO
Praia de Santo André;Aguçadoura e NavaisPÓVOA DE VARZIMPORTO;131314;Aguçadoura e Navais;PÓVOA DE VARZIM;PORTO
Praia do Quião;Aver-o-Mar, Amorim e TerrosoPÓVOA DE VARZIMPORTO;131313;Aver-o-Mar, Amorim e Terroso;PÓVOA DE VARZIM;PORTO
Praia de Aver-o-Mar;Aver-o-Mar, Amorim e TerrosoPÓVOA DE VARZIMPORTO;131313;Aver-o-Mar, Amorim e Terroso;PÓVOA DE VARZIM;PORTO
Praia da Boucinha;Aver-o-Mar, Amorim e TerrosoPÓVOA DE VARZIMPORTO;131313;Aver-o-Mar, Amorim e Terroso;PÓVOA DE VARZIM;PORTO
Praia de Coim;Aver-o-Mar, Amorim e TerrosoPÓVOA DE VARZIMPORTO;131313;Aver-o-Mar, Amorim e Terroso;PÓVOA DE VARZIM;PORTO
Praia do Esteiro;Aver-o-Mar, Amorim e TerrosoPÓVOA DE VARZIMPORTO;131313;Aver-o-Mar, Amorim e Terroso;PÓVOA DE VARZIM;PORTO
Praia da Fragosa;Aver-o-Mar, Amorim e TerrosoPÓVOA DE VARZIMPORTO;131313;Aver-o-Mar, Amorim e Terroso;PÓVOA DE VARZIM;PORTO
Praia do Fragosinho;Aver-o-Mar, Amorim e TerrosoPÓVOA DE VARZIMPORTO;131313;Aver-o-Mar, Amorim e Terroso;PÓVOA DE VARZIM;PORTO
Praia de Pontes;Aver-o-Mar, Amorim e TerrosoPÓVOA DE VARZIMPORTO;131313;Aver-o-Mar, Amorim e Terroso;PÓVOA DE VARZIM;PORTO
Praia da Lagoa-I;Aver-o-Mar, Amorim e TerrosoPÓVOA DE VARZIMPORTO;131313;Aver-o-Mar, Amorim e Terroso;PÓVOA DE VARZIM;PORTO
Praia do Hotel;Póvoa de Varzim, Beiriz e ArgivaiPÓVOA DE VARZIMPORTO;131315;Póvoa de Varzim, Beiriz e Argivai;PÓVOA DE VARZIM;PORTO
Praia da Lagoa-II;Póvoa de Varzim, Beiriz e ArgivaiPÓVOA DE VARZIMPORTO;131315;Póvoa de Varzim, Beiriz e Argivai;PÓVOA DE VARZIM;PORTO
Praia da Lada-I;Póvoa de Varzim, Beiriz e ArgivaiPÓVOA DE VARZIMPORTO;131315;Póvoa de Varzim, Beiriz e Argivai;PÓVOA DE VARZIM;PORTO
Praia da Lada-II;Póvoa de Varzim, Beiriz e ArgivaiPÓVOA DE VARZIMPORTO;131315;Póvoa de Varzim, Beiriz e Argivai;PÓVOA DE VARZIM;PORTO
Praia dos Beijinhos;Póvoa de Varzim, Beiriz e ArgivaiPÓVOA DE VARZIMPORTO;131315;Póvoa de Varzim, Beiriz e Argivai;PÓVOA DE VARZIM;PORTO
Praia Verde;Póvoa de Varzim, Beiriz e ArgivaiPÓVOA DE VARZIMPORTO;131315;Póvoa de Varzim, Beiriz e Argivai;PÓVOA DE VARZIM;PORTO
Praia Azul;Póvoa de Varzim, Beiriz e ArgivaiPÓVOA DE VARZIMPORTO;131315;Póvoa de Varzim, Beiriz e Argivai;PÓVOA DE VARZIM;PORTO
Praia da Salgueira;Póvoa de Varzim, Beiriz e ArgivaiPÓVOA DE VARZIMPORTO;131315;Póvoa de Varzim, Beiriz e Argivai;PÓVOA DE VARZIM;PORTO
Praia do Carvalhido;Póvoa de Varzim, Beiriz e ArgivaiPÓVOA DE VARZIMPORTO;131315;Póvoa de Varzim, Beiriz e Argivai;PÓVOA DE VARZIM;PORTO
Praia Redonda;Póvoa de Varzim, Beiriz e ArgivaiPÓVOA DE VARZIMPORTO;131315;Póvoa de Varzim, Beiriz e Argivai;PÓVOA DE VARZIM;PORTO
Praia do Loulé;Póvoa de Varzim, Beiriz e ArgivaiPÓVOA DE VARZIMPORTO;131315;Póvoa de Varzim, Beiriz e Argivai;PÓVOA DE VARZIM;PORTO
Praia do Leixão;Póvoa de Varzim, Beiriz e ArgivaiPÓVOA DE VARZIMPORTO;131315;Póvoa de Varzim, Beiriz e Argivai;PÓVOA DE VARZIM;PORTO
Prainha;Vila do CondeVILA DO CONDEPORTO;131628;Vila do Conde;VILA DO CONDE;PORTO
Praia do Senhor dos Navegantes;Vila do CondeVILA DO CONDEPORTO;131628;Vila do Conde;VILA DO CONDE;PORTO
Praia dos Barcos;Vila do CondeVILA DO CONDEPORTO;131628;Vila do Conde;VILA DO CONDE;PORTO
Praia de Mar e Sol;Vila do CondeVILA DO CONDEPORTO;131628;Vila do Conde;VILA DO CONDE;PORTO
Praia de Luzimar;Vila do CondeVILA DO CONDEPORTO;131628;Vila do Conde;VILA DO CONDE;PORTO
Praia do Pôr do Sol;Vila do CondeVILA DO CONDEPORTO;131628;Vila do Conde;VILA DO CONDE;PORTO
Praia Atlântica;Vila do CondeVILA DO CONDEPORTO;131628;Vila do Conde;VILA DO CONDE;PORTO
Praia das Caxinas;Vila do CondeVILA DO CONDEPORTO;131628;Vila do Conde;VILA DO CONDE;PORTO
Praia da Olinda;Vila do CondeVILA DO CONDEPORTO;131628;Vila do Conde;VILA DO CONDE;PORTO
Praia do Turismo;Vila do CondeVILA DO CONDEPORTO;131628;Vila do Conde;VILA DO CONDE;PORTO
Praia Azul;Vila do CondeVILA DO CONDEPORTO;131628;Vila do Conde;VILA DO CONDE;PORTO
Praia da Ladeira;Vila do CondeVILA DO CONDEPORTO;131628;Vila do Conde;VILA DO CONDE;PORTO
Praia do Forno;Vila do CondeVILA DO CONDEPORTO;131628;Vila do Conde;VILA DO CONDE;PORTO
Praia do Seca;Vila do CondeVILA DO CONDEPORTO;131628;Vila do Conde;VILA DO CONDE;PORTO
Praia da Senhora da Guia;Vila do CondeVILA DO CONDEPORTO;131628;Vila do Conde;VILA DO CONDE;PORTO
Praia da Azurara;AzuraraVILA DO CONDEPORTO;131604;Azurara;VILA DO CONDE;PORTO
Praia de Árvore;ÁrvoreVILA DO CONDEPORTO;131602;Árvore;VILA DO CONDE;PORTO
Praia da Areia;ÁrvoreVILA DO CONDEPORTO;131602;Árvore;VILA DO CONDE;PORTO
Praia de Mindelo;MindeloVILA DO CONDEPORTO;131616;Mindelo;VILA DO CONDE;PORTO
Praia de Mindelo (Sul);MindeloVILA DO CONDEPORTO;131616;Mindelo;VILA DO CONDE;PORTO
Praia do Pinhal dos Eléctricos;Vila ChãVILA DO CONDEPORTO;131627;Vila Chã;VILA DO CONDE;PORTO
Praia de Laderça;Vila ChãVILA DO CONDEPORTO;131627;Vila Chã;VILA DO CONDE;PORTO
Praia da Terra Nova;Vila ChãVILA DO CONDEPORTO;131627;Vila Chã;VILA DO CONDE;PORTO
Praia da Congreira;Vila ChãVILA DO CONDEPORTO;131627;Vila Chã;VILA DO CONDE;PORTO
Praia de Vila Chã;Vila ChãVILA DO CONDEPORTO;131627;Vila Chã;VILA DO CONDE;PORTO
Praia do Pucinho;Vila ChãVILA DO CONDEPORTO;131627;Vila Chã;VILA DO CONDE;PORTO
Praia de Moreiró (Norte);LabrugeVILA DO CONDEPORTO;131613;Labruge;VILA DO CONDE;PORTO
Praia de São Paio;LabrugeVILA DO CONDEPORTO;131613;Labruge;VILA DO CONDE;PORTO
Praia de Labruge;LabrugeVILA DO CONDEPORTO;131613;Labruge;VILA DO CONDE;PORTO
Praia de Angeiras (Norte);Perafita, Lavra e Santa Cruz do BispoMATOSINHOSPORTO;130813;Perafita, Lavra e Santa Cruz do Bispo;MATOSINHOS;PORTO
Praia do Barreiro;Perafita, Lavra e Santa Cruz do BispoMATOSINHOSPORTO;130813;Perafita, Lavra e Santa Cruz do Bispo;MATOSINHOS;PORTO
Praia Central;Perafita, Lavra e Santa Cruz do BispoMATOSINHOSPORTO;130813;Perafita, Lavra e Santa Cruz do Bispo;MATOSINHOS;PORTO
Praia do Funtão;Perafita, Lavra e Santa Cruz do BispoMATOSINHOSPORTO;130813;Perafita, Lavra e Santa Cruz do Bispo;MATOSINHOS;PORTO
Praia das Pedras Brancas;Perafita, Lavra e Santa Cruz do BispoMATOSINHOSPORTO;130813;Perafita, Lavra e Santa Cruz do Bispo;MATOSINHOS;PORTO
Praia das Pedras do Corgo;Perafita, Lavra e Santa Cruz do BispoMATOSINHOSPORTO;130813;Perafita, Lavra e Santa Cruz do Bispo;MATOSINHOS;PORTO
Praia das Pedras da Agudela;Perafita, Lavra e Santa Cruz do BispoMATOSINHOSPORTO;130813;Perafita, Lavra e Santa Cruz do Bispo;MATOSINHOS;PORTO
Praia da Agudela;Perafita, Lavra e Santa Cruz do BispoMATOSINHOSPORTO;130813;Perafita, Lavra e Santa Cruz do Bispo;MATOSINHOS;PORTO
Praia da Quebrada;Perafita, Lavra e Santa Cruz do BispoMATOSINHOSPORTO;130813;Perafita, Lavra e Santa Cruz do Bispo;MATOSINHOS;PORTO
Praia do Marreco;Perafita, Lavra e Santa Cruz do BispoMATOSINHOSPORTO;130813;Perafita, Lavra e Santa Cruz do Bispo;MATOSINHOS;PORTO
Praia da Memória;Perafita, Lavra e Santa Cruz do BispoMATOSINHOSPORTO;130813;Perafita, Lavra e Santa Cruz do Bispo;MATOSINHOS;PORTO
Praia do Facho;Perafita, Lavra e Santa Cruz do BispoMATOSINHOSPORTO;130813;Perafita, Lavra e Santa Cruz do Bispo;MATOSINHOS;PORTO
Praia do Paraíso;Perafita, Lavra e Santa Cruz do BispoMATOSINHOSPORTO;130813;Perafita, Lavra e Santa Cruz do Bispo;MATOSINHOS;PORTO
Praia do Cabo do Mundo;Perafita, Lavra e Santa Cruz do BispoMATOSINHOSPORTO;130813;Perafita, Lavra e Santa Cruz do Bispo;MATOSINHOS;PORTO
Praia das Salinas;Perafita, Lavra e Santa Cruz do BispoMATOSINHOSPORTO;130813;Perafita, Lavra e Santa Cruz do Bispo;MATOSINHOS;PORTO
Praia do Aterro;Matosinhos e Leça da PalmeiraMATOSINHOSPORTO;130812;Matosinhos e Leça da Palmeira;MATOSINHOS;PORTO
Praia Azul;Matosinhos e Leça da PalmeiraMATOSINHOSPORTO;130812;Matosinhos e Leça da Palmeira;MATOSINHOS;PORTO
Praia da Boa Nova;Matosinhos e Leça da PalmeiraMATOSINHOSPORTO;130812;Matosinhos e Leça da Palmeira;MATOSINHOS;PORTO
Praia do Fuzelhas;Matosinhos e Leça da PalmeiraMATOSINHOSPORTO;130812;Matosinhos e Leça da Palmeira;MATOSINHOS;PORTO
Praia de Leça da Palmeira;Matosinhos e Leça da PalmeiraMATOSINHOSPORTO;130812;Matosinhos e Leça da Palmeira;MATOSINHOS;PORTO
Praia de Matosinhos;Matosinhos e Leça da PalmeiraMATOSINHOSPORTO;130812;Matosinhos e Leça da Palmeira;MATOSINHOS;PORTO
Praia Internacional;Aldoar, Foz do Douro e NevogildePORTOPORTO;131216;Aldoar, Foz do Douro e Nevogilde;PORTO;PORTO
Praia do Castelo do Queijo;Aldoar, Foz do Douro e NevogildePORTOPORTO;131216;Aldoar, Foz do Douro e Nevogilde;PORTO;PORTO
Praia do Homem do Leme;Aldoar, Foz do Douro e NevogildePORTOPORTO;131216;Aldoar, Foz do Douro e Nevogilde;PORTO;PORTO
Praia do Molhe;Aldoar, Foz do Douro e NevogildePORTOPORTO;131216;Aldoar, Foz do Douro e Nevogilde;PORTO;PORTO
Praia de Gondarém;Aldoar, Foz do Douro e NevogildePORTOPORTO;131216;Aldoar, Foz do Douro e Nevogilde;PORTO;PORTO
Praia da Luz;Aldoar, Foz do Douro e NevogildePORTOPORTO;131216;Aldoar, Foz do Douro e Nevogilde;PORTO;PORTO
Praia dos Ingleses;Aldoar, Foz do Douro e NevogildePORTOPORTO;131216;Aldoar, Foz do Douro e Nevogilde;PORTO;PORTO
Praia do Ourigo;Aldoar, Foz do Douro e NevogildePORTOPORTO;131216;Aldoar, Foz do Douro e Nevogilde;PORTO;PORTO
Praia do Carneiro;Aldoar, Foz do Douro e NevogildePORTOPORTO;131216;Aldoar, Foz do Douro e Nevogilde;PORTO;PORTO
Praia das Pastoras;Aldoar, Foz do Douro e NevogildePORTOPORTO;131216;Aldoar, Foz do Douro e Nevogilde;PORTO;PORTO
Praia do Cabedelo do Douro;CanideloVILA NOVA DE GAIAPORTO;131704;Canidelo;VILA NOVA DE GAIA;PORTO
Praia de Lavadores;CanideloVILA NOVA DE GAIAPORTO;131704;Canidelo;VILA NOVA DE GAIA;PORTO
Praia das Pedras Amarelas;CanideloVILA NOVA DE GAIAPORTO;131704;Canidelo;VILA NOVA DE GAIA;PORTO
Praia da Estrela do Mar;CanideloVILA NOVA DE GAIAPORTO;131704;Canidelo;VILA NOVA DE GAIA;PORTO
Praia de Salgueiros;CanideloVILA NOVA DE GAIAPORTO;131704;Canidelo;VILA NOVA DE GAIA;PORTO
Praia da Sereia da Costa Verde;CanideloVILA NOVA DE GAIAPORTO;131704;Canidelo;VILA NOVA DE GAIA;PORTO
Praia de Canide (Norte);CanideloVILA NOVA DE GAIAPORTO;131704;Canidelo;VILA NOVA DE GAIA;PORTO
Praia de Canide (Sul);CanideloVILA NOVA DE GAIAPORTO;131704;Canidelo;VILA NOVA DE GAIA;PORTO
Praia de Marbelo;MadalenaVILA NOVA DE GAIAPORTO;131709;Madalena;VILA NOVA DE GAIA;PORTO
Praia da Madalena (Norte);MadalenaVILA NOVA DE GAIAPORTO;131709;Madalena;VILA NOVA DE GAIA;PORTO
Praia da Madalena (Sul);MadalenaVILA NOVA DE GAIAPORTO;131709;Madalena;VILA NOVA DE GAIA;PORTO
Praia de Valadares (Norte);Gulpilhares e ValadaresVILA NOVA DE GAIAPORTO;131726;Gulpilhares e Valadares;VILA NOVA DE GAIA;PORTO
Praia do Sindicato;Gulpilhares e ValadaresVILA NOVA DE GAIAPORTO;131726;Gulpilhares e Valadares;VILA NOVA DE GAIA;PORTO
Praia de Valadares (Sul);Gulpilhares e ValadaresVILA NOVA DE GAIAPORTO;131726;Gulpilhares e Valadares;VILA NOVA DE GAIA;PORTO
Praia do Atlântico;Gulpilhares e ValadaresVILA NOVA DE GAIAPORTO;131726;Gulpilhares e Valadares;VILA NOVA DE GAIA;PORTO
Praia de Dunas Mar;Gulpilhares e ValadaresVILA NOVA DE GAIAPORTO;131726;Gulpilhares e Valadares;VILA NOVA DE GAIA;PORTO
Praia de Francelos;Gulpilhares e ValadaresVILA NOVA DE GAIAPORTO;131726;Gulpilhares e Valadares;VILA NOVA DE GAIA;PORTO
Praia de Francemar;Gulpilhares e ValadaresVILA NOVA DE GAIAPORTO;131726;Gulpilhares e Valadares;VILA NOVA DE GAIA;PORTO
Praia da Sãozinha;Gulpilhares e ValadaresVILA NOVA DE GAIAPORTO;131726;Gulpilhares e Valadares;VILA NOVA DE GAIA;PORTO
Praia do Senhor da Pedra;ArcozeloVILA NOVA DE GAIAPORTO;131701;Arcozelo;VILA NOVA DE GAIA;PORTO
Praia de Miramar (Norte);ArcozeloVILA NOVA DE GAIAPORTO;131701;Arcozelo;VILA NOVA DE GAIA;PORTO
Praia de Miramar (Sul);ArcozeloVILA NOVA DE GAIAPORTO;131701;Arcozelo;VILA NOVA DE GAIA;PORTO
Praia de Mar e Sol;ArcozeloVILA NOVA DE GAIAPORTO;131701;Arcozelo;VILA NOVA DE GAIA;PORTO
Praia da Areia Branca;ArcozeloVILA NOVA DE GAIAPORTO;131701;Arcozelo;VILA NOVA DE GAIA;PORTO
Praia da Aguda;ArcozeloVILA NOVA DE GAIAPORTO;131701;Arcozelo;VILA NOVA DE GAIA;PORTO
Praia da Sétima Arte;ArcozeloVILA NOVA DE GAIAPORTO;131701;Arcozelo;VILA NOVA DE GAIA;PORTO
Praia da Granja;São Félix da MarinhaVILA NOVA DE GAIAPORTO;131717;São Félix da Marinha;VILA NOVA DE GAIA;PORTO
Praia de Bocamar;São Félix da MarinhaVILA NOVA DE GAIAPORTO;131717;São Félix da Marinha;VILA NOVA DE GAIA;PORTO
Praia do Hotel Solverde;São Félix da MarinhaVILA NOVA DE GAIAPORTO;131717;São Félix da Marinha;VILA NOVA DE GAIA;PORTO
Praia do Brito;São Félix da MarinhaVILA NOVA DE GAIAPORTO;131717;São Félix da Marinha;VILA NOVA DE GAIA;PORTO
Praia das Pedras da Maré;São Félix da MarinhaVILA NOVA DE GAIAPORTO;131717;São Félix da Marinha;VILA NOVA DE GAIA;PORTO
Praia do Areal da Marinha;São Félix da MarinhaVILA NOVA DE GAIAPORTO;131717;São Félix da Marinha;VILA NOVA DE GAIA;PORTO
Praia da Frente Azul;EspinhoESPINHOAVEIRO;10702;Espinho;ESPINHO;AVEIRO
Praia da Baía;EspinhoESPINHOAVEIRO;10702;Espinho;ESPINHO;AVEIRO
Praia da Rua 37;EspinhoESPINHOAVEIRO;10702;Espinho;ESPINHO;AVEIRO
Praia do Bairro Piscatório;SilvaldeESPINHOAVEIRO;10705;Silvalde;ESPINHO;AVEIRO
Praia de Silvalde;SilvaldeESPINHOAVEIRO;10705;Silvalde;ESPINHO;AVEIRO
Praia de Paramos;ParamosESPINHOAVEIRO;10704;Paramos;ESPINHO;AVEIRO
Praia de Esmoriz;EsmorizOVARAVEIRO;11503;Esmoriz;OVAR;AVEIRO
Praia de Esmoriz (Sul);EsmorizOVARAVEIRO;11503;Esmoriz;OVAR;AVEIRO
Praia de Cortegaça (Norte);CortegaçaOVARAVEIRO;11502;Cortegaça;OVAR;AVEIRO
Praia de Cortegaça;CortegaçaOVARAVEIRO;11502;Cortegaça;OVAR;AVEIRO
Praia de Cortegaça (Sul);CortegaçaOVARAVEIRO;11502;Cortegaça;OVAR;AVEIRO
Praia de São Pedro de Maceda;MacedaOVARAVEIRO;11504;Maceda;OVAR;AVEIRO
Praia das Dunas de Ovar;Ovar, São João, Arada e São Vicente de Pereira JusãOVARAVEIRO;11509;Ovar, São João, Arada e São Vicente de Pereira Jusã;OVAR;AVEIRO
Praia do Furadouro;Ovar, São João, Arada e São Vicente de Pereira JusãOVARAVEIRO;11509;Ovar, São João, Arada e São Vicente de Pereira Jusã;OVAR;AVEIRO
Praia do Furadouro (Sul);Ovar, São João, Arada e São Vicente de Pereira JusãOVARAVEIRO;11509;Ovar, São João, Arada e São Vicente de Pereira Jusã;OVAR;AVEIRO
Praia da Marreta;Ovar, São João, Arada e São Vicente de Pereira JusãOVARAVEIRO;11509;Ovar, São João, Arada e São Vicente de Pereira Jusã;OVAR;AVEIRO
Praia de Torrão do Lameiro;Ovar, São João, Arada e São Vicente de Pereira JusãOVARAVEIRO;11509;Ovar, São João, Arada e São Vicente de Pereira Jusã;OVAR;AVEIRO
Praia da Torreira;TorreiraMURTOSAAVEIRO;11204;Torreira;MURTOSA;AVEIRO
Praia da Colónia de Férias;TorreiraMURTOSAAVEIRO;11204;Torreira;MURTOSA;AVEIRO
Praia da Gaivina;TorreiraMURTOSAAVEIRO;11204;Torreira;MURTOSA;AVEIRO
Praia de Muranzel;TorreiraMURTOSAAVEIRO;11204;Torreira;MURTOSA;AVEIRO
Praia das Dunas de São Jacinto;São JacintoAVEIROAVEIRO;10511;São Jacinto;AVEIRO;AVEIRO
Praia de São Jacinto;São JacintoAVEIROAVEIRO;10511;São Jacinto;AVEIRO;AVEIRO
Praia Velha;Gafanha da NazaréÍLHAVOAVEIRO;11006;Gafanha da Nazaré;ÍLHAVO;AVEIRO
Praia Nova;Gafanha da NazaréÍLHAVOAVEIRO;11006;Gafanha da Nazaré;ÍLHAVO;AVEIRO
Praia da Barra (Sul);Gafanha da EncarnaçãoÍLHAVOAVEIRO;11005;Gafanha da Encarnação;ÍLHAVO;AVEIRO
Praia da Costa Nova;Gafanha da EncarnaçãoÍLHAVOAVEIRO;11005;Gafanha da Encarnação;ÍLHAVO;AVEIRO
Praia da Costa Nova (Sul);Gafanha da EncarnaçãoÍLHAVOAVEIRO;11005;Gafanha da Encarnação;ÍLHAVO;AVEIRO
Praia do Parque de Campismo;Gafanha do CarmoÍLHAVOAVEIRO;11007;Gafanha do Carmo;ÍLHAVO;AVEIRO
Praia da Costinha;Gafanha do CarmoÍLHAVOAVEIRO;11007;Gafanha do Carmo;ÍLHAVO;AVEIRO
Praia da Vagueira (Norte);Gafanha da Boa HoraVAGOSAVEIRO;11804;Gafanha da Boa Hora;VAGOS;AVEIRO
Praia da Vagueira;Gafanha da Boa HoraVAGOSAVEIRO;11804;Gafanha da Boa Hora;VAGOS;AVEIRO
Praia do Labrego;Gafanha da Boa HoraVAGOSAVEIRO;11804;Gafanha da Boa Hora;VAGOS;AVEIRO
Praia da Duna Alta;Gafanha da Boa HoraVAGOSAVEIRO;11804;Gafanha da Boa Hora;VAGOS;AVEIRO
Praia da Gafanha da Boa Hora;Gafanha da Boa HoraVAGOSAVEIRO;11804;Gafanha da Boa Hora;VAGOS;AVEIRO
Praia da Ponte da Vagueira;Gafanha da Boa HoraVAGOSAVEIRO;11804;Gafanha da Boa Hora;VAGOS;AVEIRO
Praia do Areão;Gafanha da Boa HoraVAGOSAVEIRO;11804;Gafanha da Boa Hora;VAGOS;AVEIRO
Praia do Poço da Cruz;Praia de MiraMIRACOIMBRA;60804;Praia de Mira;MIRA;COIMBRA
Praia de Mira;Praia de MiraMIRACOIMBRA;60804;Praia de Mira;MIRA;COIMBRA
Praia de Mira (Sul);Praia de MiraMIRACOIMBRA;60804;Praia de Mira;MIRA;COIMBRA
Praia do Palheirão;TochaCANTANHEDECOIMBRA;60214;Tocha;CANTANHEDE;COIMBRA
Praia dos Almadoiros;TochaCANTANHEDECOIMBRA;60214;Tocha;CANTANHEDE;COIMBRA
Praia da Tocha;TochaCANTANHEDECOIMBRA;60214;Tocha;CANTANHEDE;COIMBRA
Praia da Costinha;Bom SucessoFIGUEIRA DA FOZCOIMBRA;60515;Bom Sucesso;FIGUEIRA DA FOZ;COIMBRA
Praia de Quiaios;QuiaiosFIGUEIRA DA FOZCOIMBRA;60524;Quiaios;FIGUEIRA DA FOZ;COIMBRA
Praia da Murtinheira;QuiaiosFIGUEIRA DA FOZCOIMBRA;60524;Quiaios;FIGUEIRA DA FOZ;COIMBRA
Praia da Laje do Costado;Buarcos e São JuliãoFIGUEIRA DA FOZCOIMBRA;60520;Buarcos e São Julião;FIGUEIRA DA FOZ;COIMBRA
Praia da Pedra da Nau;Buarcos e São JuliãoFIGUEIRA DA FOZCOIMBRA;60520;Buarcos e São Julião;FIGUEIRA DA FOZ;COIMBRA
Praia da Fonte das Pombas;Buarcos e São JuliãoFIGUEIRA DA FOZCOIMBRA;60520;Buarcos e São Julião;FIGUEIRA DA FOZ;COIMBRA
Praia do Teimoso;Buarcos e São JuliãoFIGUEIRA DA FOZCOIMBRA;60520;Buarcos e São Julião;FIGUEIRA DA FOZ;COIMBRA
Praia do Cabo Mondego;Buarcos e São JuliãoFIGUEIRA DA FOZCOIMBRA;60520;Buarcos e São Julião;FIGUEIRA DA FOZ;COIMBRA
Praia da Tamargueira;Buarcos e São JuliãoFIGUEIRA DA FOZCOIMBRA;60520;Buarcos e São Julião;FIGUEIRA DA FOZ;COIMBRA
Praia de Buarcos;Buarcos e São JuliãoFIGUEIRA DA FOZCOIMBRA;60520;Buarcos e São Julião;FIGUEIRA DA FOZ;COIMBRA
Praia do Alto do Viso;Buarcos e São JuliãoFIGUEIRA DA FOZCOIMBRA;60520;Buarcos e São Julião;FIGUEIRA DA FOZ;COIMBRA
Praia do Relógio;Buarcos e São JuliãoFIGUEIRA DA FOZCOIMBRA;60520;Buarcos e São Julião;FIGUEIRA DA FOZ;COIMBRA
Praia do Molhe Norte;Buarcos e São JuliãoFIGUEIRA DA FOZCOIMBRA;60520;Buarcos e São Julião;FIGUEIRA DA FOZ;COIMBRA
Praia do Forte de Santa Catarina;Buarcos e São JuliãoFIGUEIRA DA FOZCOIMBRA;60520;Buarcos e São Julião;FIGUEIRA DA FOZ;COIMBRA
Praia do Cabedelo;São PedroFIGUEIRA DA FOZCOIMBRA;60514;São Pedro;FIGUEIRA DA FOZ;COIMBRA
Praia do Cabedelo (Sul);São PedroFIGUEIRA DA FOZCOIMBRA;60514;São Pedro;FIGUEIRA DA FOZ;COIMBRA
Praia do Hospital;São PedroFIGUEIRA DA FOZCOIMBRA;60514;São Pedro;FIGUEIRA DA FOZ;COIMBRA
Praia da Cova Gala (Norte);São PedroFIGUEIRA DA FOZCOIMBRA;60514;São Pedro;FIGUEIRA DA FOZ;COIMBRA
Praia da Cova Gala (Sul);São PedroFIGUEIRA DA FOZCOIMBRA;60514;São Pedro;FIGUEIRA DA FOZ;COIMBRA
Praia da Costa de Lavos;LavosFIGUEIRA DA FOZCOIMBRA;60522;Lavos;FIGUEIRA DA FOZ;COIMBRA
Praia da Leirosa;Marinha das OndasFIGUEIRA DA FOZCOIMBRA;60508;Marinha das Ondas;FIGUEIRA DA FOZ;COIMBRA
Praia do Osso da Baleia;CarriçoPOMBALLEIRIA;101505;Carriço;POMBAL;LEIRIA
Praia do Fausto (Norte);CoimbrãoLEIRIALEIRIA;100909;Coimbrão;LEIRIA;LEIRIA
Praia do Fausto (Sul);CoimbrãoLEIRIALEIRIA;100909;Coimbrão;LEIRIA;LEIRIA
Praia do Pedrogão;CoimbrãoLEIRIALEIRIA;100909;Coimbrão;LEIRIA;LEIRIA
Praia do Pedrogão (Sul);CoimbrãoLEIRIALEIRIA;100909;Coimbrão;LEIRIA;LEIRIA
Praia do Vigão;CoimbrãoLEIRIALEIRIA;100909;Coimbrão;LEIRIA;LEIRIA
Praia da Vieira (Norte);Vieira de LeiriaMARINHA GRANDELEIRIA;101002;Vieira de Leiria;MARINHA GRANDE;LEIRIA
Praia da Vieira;Vieira de LeiriaMARINHA GRANDELEIRIA;101002;Vieira de Leiria;MARINHA GRANDE;LEIRIA
Praia do Samouco;Marinha GrandeMARINHA GRANDELEIRIA;101001;Marinha Grande;MARINHA GRANDE;LEIRIA
Praia das Pedras Negras;Marinha GrandeMARINHA GRANDELEIRIA;101001;Marinha Grande;MARINHA GRANDE;LEIRIA
Praia Velha;Marinha GrandeMARINHA GRANDELEIRIA;101001;Marinha Grande;MARINHA GRANDE;LEIRIA
Praia da Concha;Marinha GrandeMARINHA GRANDELEIRIA;101001;Marinha Grande;MARINHA GRANDE;LEIRIA
Praia da Descida da Areia;Marinha GrandeMARINHA GRANDELEIRIA;101001;Marinha Grande;MARINHA GRANDE;LEIRIA
Praia de São Pedro de Moel;Marinha GrandeMARINHA GRANDELEIRIA;101001;Marinha Grande;MARINHA GRANDE;LEIRIA
Praia das Valeiras;Marinha GrandeMARINHA GRANDELEIRIA;101001;Marinha Grande;MARINHA GRANDE;LEIRIA
Praia da Água de Madeiros;Pataias e MartingançaALCOBAÇALEIRIA;100123;Pataias e Martingança;ALCOBAÇA;LEIRIA
Praia da Pedra do Ouro;Pataias e MartingançaALCOBAÇALEIRIA;100123;Pataias e Martingança;ALCOBAÇA;LEIRIA
Praia da Polvoeira;Pataias e MartingançaALCOBAÇALEIRIA;100123;Pataias e Martingança;ALCOBAÇA;LEIRIA
Praia de Paredes da Vitória;Pataias e MartingançaALCOBAÇALEIRIA;100123;Pataias e Martingança;ALCOBAÇA;LEIRIA
Praia da Mina;Pataias e MartingançaALCOBAÇALEIRIA;100123;Pataias e Martingança;ALCOBAÇA;LEIRIA
Praia de Vale Furado;Pataias e MartingançaALCOBAÇALEIRIA;100123;Pataias e Martingança;ALCOBAÇA;LEIRIA
Praia de Vale Pardo;Pataias e MartingançaALCOBAÇALEIRIA;100123;Pataias e Martingança;ALCOBAÇA;LEIRIA
Praia das Águas Luxuosas;Pataias e MartingançaALCOBAÇALEIRIA;100123;Pataias e Martingança;ALCOBAÇA;LEIRIA
Praia da Légua;Pataias e MartingançaALCOBAÇALEIRIA;100123;Pataias e Martingança;ALCOBAÇA;LEIRIA
Praia da Falca;Pataias e MartingançaALCOBAÇALEIRIA;100123;Pataias e Martingança;ALCOBAÇA;LEIRIA
Praia da Areeira;NazaréNAZARÉLEIRIA;101102;Nazaré;NAZARÉ;LEIRIA
Praia do Norte;NazaréNAZARÉLEIRIA;101102;Nazaré;NAZARÉ;LEIRIA
Praia Nova;NazaréNAZARÉLEIRIA;101102;Nazaré;NAZARÉ;LEIRIA
Praia da Nazaré;NazaréNAZARÉLEIRIA;101102;Nazaré;NAZARÉ;LEIRIA
Praia da Entrada do Porto;FamalicãoNAZARÉLEIRIA;101101;Famalicão;NAZARÉ;LEIRIA
Praia do Salgado;FamalicãoNAZARÉLEIRIA;101101;Famalicão;NAZARÉ;LEIRIA
Praia da Gralha;São Martinho do PortoALCOBAÇALEIRIA;100112;São Martinho do Porto;ALCOBAÇA;LEIRIA
Praia de São Martinho do Porto;São Martinho do PortoALCOBAÇALEIRIA;100112;São Martinho do Porto;ALCOBAÇA;LEIRIA
Praia de Salir do Porto;Tornada e Salir do PortoCALDAS DA RAINHALEIRIA;100619;Tornada e Salir do Porto;CALDAS DA RAINHA;LEIRIA
Praia do Mar;Foz do ArelhoCALDAS DA RAINHALEIRIA;100606;Foz do Arelho;CALDAS DA RAINHA;LEIRIA
Praia do Bom Sucesso;VauÓBIDOSLEIRIA;101207;Vau;ÓBIDOS;LEIRIA
Praia do Rei do Cortiço;VauÓBIDOSLEIRIA;101207;Vau;ÓBIDOS;LEIRIA
Praia da Estrela;VauÓBIDOSLEIRIA;101207;Vau;ÓBIDOS;LEIRIA
Praia da Fincha Grande;VauÓBIDOSLEIRIA;101207;Vau;ÓBIDOS;LEIRIA
Praia do Barroco da Adega;VauÓBIDOSLEIRIA;101207;Vau;ÓBIDOS;LEIRIA
Praia de Covões;VauÓBIDOSLEIRIA;101207;Vau;ÓBIDOS;LEIRIA
Praia d' El Rei;AmoreiraÓBIDOSLEIRIA;101202;Amoreira;ÓBIDOS;LEIRIA
Praia do Pico da Antena;AmoreiraÓBIDOSLEIRIA;101202;Amoreira;ÓBIDOS;LEIRIA
Praia do Pico da Mota;FerrelPENICHELEIRIA;101406;Ferrel;PENICHE;LEIRIA
Praia de Point Fabril;FerrelPENICHELEIRIA;101406;Ferrel;PENICHE;LEIRIA
Praia da Almagreira;FerrelPENICHELEIRIA;101406;Ferrel;PENICHE;LEIRIA
Praia do Baleal (Norte);FerrelPENICHELEIRIA;101406;Ferrel;PENICHE;LEIRIA
Praia das Cebolas;FerrelPENICHELEIRIA;101406;Ferrel;PENICHE;LEIRIA
Praia do Baleal (Sul);FerrelPENICHELEIRIA;101406;Ferrel;PENICHE;LEIRIA
Praia do Campismo;FerrelPENICHELEIRIA;101406;Ferrel;PENICHE;LEIRIA
Praia da Cova da Alfarroba;PenichePENICHELEIRIA;101407;Peniche;PENICHE;LEIRIA
Praia de Peniche de Cima;PenichePENICHELEIRIA;101407;Peniche;PENICHE;LEIRIA
Praia da Gambôa;PenichePENICHELEIRIA;101407;Peniche;PENICHE;LEIRIA
Praia do Quebrado;PenichePENICHELEIRIA;101407;Peniche;PENICHE;LEIRIA
Praia do Portinho da Areia do Norte;PenichePENICHELEIRIA;101407;Peniche;PENICHE;LEIRIA
Praia do Portinho da Areia Sul;PenichePENICHELEIRIA;101407;Peniche;PENICHE;LEIRIA
Praia da Camaroa;PenichePENICHELEIRIA;101407;Peniche;PENICHE;LEIRIA
Praia do Molhe Leste;PenichePENICHELEIRIA;101407;Peniche;PENICHE;LEIRIA
Praia dos Supertubos;Atouguia da BaleiaPENICHELEIRIA;101402;Atouguia da Baleia;PENICHE;LEIRIA
Praia do Medão Grande;Atouguia da BaleiaPENICHELEIRIA;101402;Atouguia da Baleia;PENICHE;LEIRIA
Praia da Consolação (Norte);Atouguia da BaleiaPENICHELEIRIA;101402;Atouguia da Baleia;PENICHE;LEIRIA
Praia da Consolação;Atouguia da BaleiaPENICHELEIRIA;101402;Atouguia da Baleia;PENICHE;LEIRIA
Praia das Rochas;Atouguia da BaleiaPENICHELEIRIA;101402;Atouguia da Baleia;PENICHE;LEIRIA
Praia de São Marcos;Atouguia da BaleiaPENICHELEIRIA;101402;Atouguia da Baleia;PENICHE;LEIRIA
Praia do Salgueiro;Atouguia da BaleiaPENICHELEIRIA;101402;Atouguia da Baleia;PENICHE;LEIRIA
Praia de Miras;Atouguia da BaleiaPENICHELEIRIA;101402;Atouguia da Baleia;PENICHE;LEIRIA
Praia do Alto de Santa Luzia;Atouguia da BaleiaPENICHELEIRIA;101402;Atouguia da Baleia;PENICHE;LEIRIA
Praia de São Bernardino;Atouguia da BaleiaPENICHELEIRIA;101402;Atouguia da Baleia;PENICHE;LEIRIA
Praia dos Frades;Atouguia da BaleiaPENICHELEIRIA;101402;Atouguia da Baleia;PENICHE;LEIRIA
Praia de Vale Pombas;Atouguia da BaleiaPENICHELEIRIA;101402;Atouguia da Baleia;PENICHE;LEIRIA
Praia de Paimogo;Lourinhã e AtalaiaLOURINHÃLISBOA;110812;Lourinhã e Atalaia;LOURINHÃ;LISBOA
Praia do Caniçal;Lourinhã e AtalaiaLOURINHÃLISBOA;110812;Lourinhã e Atalaia;LOURINHÃ;LISBOA
Praia do Vale dos Frades;Lourinhã e AtalaiaLOURINHÃLISBOA;110812;Lourinhã e Atalaia;LOURINHÃ;LISBOA
Praia da Malhada;Lourinhã e AtalaiaLOURINHÃLISBOA;110812;Lourinhã e Atalaia;LOURINHÃ;LISBOA
Praia da Areia Branca;Lourinhã e AtalaiaLOURINHÃLISBOA;110812;Lourinhã e Atalaia;LOURINHÃ;LISBOA
Praia do Areal;Lourinhã e AtalaiaLOURINHÃLISBOA;110812;Lourinhã e Atalaia;LOURINHÃ;LISBOA
Praia da Peralta;Lourinhã e AtalaiaLOURINHÃLISBOA;110812;Lourinhã e Atalaia;LOURINHÃ;LISBOA
Praia do Porto das Barcas;Lourinhã e AtalaiaLOURINHÃLISBOA;110812;Lourinhã e Atalaia;LOURINHÃ;LISBOA
Praia do Zimbral;RibamarLOURINHÃLISBOA;110810;Ribamar;LOURINHÃ;LISBOA
Praia de Porto Dinheiro;RibamarLOURINHÃLISBOA;110810;Ribamar;LOURINHÃ;LISBOA
Praia de Valmitão;RibamarLOURINHÃLISBOA;110810;Ribamar;LOURINHÃ;LISBOA
Praia das Conchas;A dos Cunhados e MaceiraTORRES VEDRASLISBOA;111321;A dos Cunhados e Maceira;TORRES VEDRAS;LISBOA
Praia de Porto Novo;A dos Cunhados e MaceiraTORRES VEDRASLISBOA;111321;A dos Cunhados e Maceira;TORRES VEDRAS;LISBOA
Praia de Santa Rita (Norte);A dos Cunhados e MaceiraTORRES VEDRASLISBOA;111321;A dos Cunhados e Maceira;TORRES VEDRAS;LISBOA
Praia de Santa Rita (Sul);A dos Cunhados e MaceiraTORRES VEDRASLISBOA;111321;A dos Cunhados e Maceira;TORRES VEDRAS;LISBOA
Praia do Seixo;A dos Cunhados e MaceiraTORRES VEDRASLISBOA;111321;A dos Cunhados e Maceira;TORRES VEDRAS;LISBOA
Praia da Mexilhoeira;A dos Cunhados e MaceiraTORRES VEDRASLISBOA;111321;A dos Cunhados e Maceira;TORRES VEDRAS;LISBOA
Praia do Amanhã;A dos Cunhados e MaceiraTORRES VEDRASLISBOA;111321;A dos Cunhados e Maceira;TORRES VEDRAS;LISBOA
Praia do Navio;A dos Cunhados e MaceiraTORRES VEDRASLISBOA;111321;A dos Cunhados e Maceira;TORRES VEDRAS;LISBOA
Praia do Mirante;A dos Cunhados e MaceiraTORRES VEDRASLISBOA;111321;A dos Cunhados e Maceira;TORRES VEDRAS;LISBOA
Praia do Pisão;A dos Cunhados e MaceiraTORRES VEDRASLISBOA;111321;A dos Cunhados e Maceira;TORRES VEDRAS;LISBOA
Praia da Física;A dos Cunhados e MaceiraTORRES VEDRASLISBOA;111321;A dos Cunhados e Maceira;TORRES VEDRAS;LISBOA
Praia do Centro;SilveiraTORRES VEDRASLISBOA;111316;Silveira;TORRES VEDRAS;LISBOA
Praia de Santa Helena;SilveiraTORRES VEDRASLISBOA;111316;Silveira;TORRES VEDRAS;LISBOA
Praia do Guincho;SilveiraTORRES VEDRASLISBOA;111316;Silveira;TORRES VEDRAS;LISBOA
Praia da Formosa;SilveiraTORRES VEDRASLISBOA;111316;Silveira;TORRES VEDRAS;LISBOA
Praia das Amoeiras;SilveiraTORRES VEDRASLISBOA;111316;Silveira;TORRES VEDRAS;LISBOA
Praia Azul;SilveiraTORRES VEDRASLISBOA;111316;Silveira;TORRES VEDRAS;LISBOA
Praia da Foz do Sizandro;SilveiraTORRES VEDRASLISBOA;111316;Silveira;TORRES VEDRAS;LISBOA
Praia de Porto Chão;São Pedro da CadeiraTORRES VEDRASLISBOA;111314;São Pedro da Cadeira;TORRES VEDRAS;LISBOA
Praia de Cambelas;São Pedro da CadeiraTORRES VEDRASLISBOA;111314;São Pedro da Cadeira;TORRES VEDRAS;LISBOA
Praia do Baío;São Pedro da CadeiraTORRES VEDRASLISBOA;111314;São Pedro da Cadeira;TORRES VEDRAS;LISBOA
Praia da Horta;São Pedro da CadeiraTORRES VEDRASLISBOA;111314;São Pedro da Cadeira;TORRES VEDRAS;LISBOA
Praia das Furnas;São Pedro da CadeiraTORRES VEDRASLISBOA;111314;São Pedro da Cadeira;TORRES VEDRAS;LISBOA
Praia das Peças;São Pedro da CadeiraTORRES VEDRASLISBOA;111314;São Pedro da Cadeira;TORRES VEDRAS;LISBOA
Praia do Porto Barril;EncarnaçãoMAFRALISBOA;110904;Encarnação;MAFRA;LISBOA
Praia das Escadinhas;EncarnaçãoMAFRALISBOA;110904;Encarnação;MAFRA;LISBOA
Praia da Calada;EncarnaçãoMAFRALISBOA;110904;Encarnação;MAFRA;LISBOA
Praia do Portinho Correia;EncarnaçãoMAFRALISBOA;110904;Encarnação;MAFRA;LISBOA
Praia de São Lourenço;Santo IsidoroMAFRALISBOA;110913;Santo Isidoro;MAFRA;LISBOA
Praia dos Coxos;Santo IsidoroMAFRALISBOA;110913;Santo Isidoro;MAFRA;LISBOA
Praia dos Coxos (Surf);Santo IsidoroMAFRALISBOA;110913;Santo Isidoro;MAFRA;LISBOA
Praia do Banco do Cavalinho;Santo IsidoroMAFRALISBOA;110913;Santo Isidoro;MAFRA;LISBOA
Praia da Pesqueira;Santo IsidoroMAFRALISBOA;110913;Santo Isidoro;MAFRA;LISBOA
Praia do Penedo Mouro;Santo IsidoroMAFRALISBOA;110913;Santo Isidoro;MAFRA;LISBOA
Praia de Ribeira d'Ilhas;EriceiraMAFRALISBOA;110906;Ericeira;MAFRA;LISBOA
Praia do Alibabá;EriceiraMAFRALISBOA;110906;Ericeira;MAFRA;LISBOA
Praia de Mil Regos;EriceiraMAFRALISBOA;110906;Ericeira;MAFRA;LISBOA
Praia da Orelheira;EriceiraMAFRALISBOA;110906;Ericeira;MAFRA;LISBOA
Praia da Empa;EriceiraMAFRALISBOA;110906;Ericeira;MAFRA;LISBOA
Praia dos Tombadoiros;EriceiraMAFRALISBOA;110906;Ericeira;MAFRA;LISBOA
Praia do Matadouro;EriceiraMAFRALISBOA;110906;Ericeira;MAFRA;LISBOA
Praia de São Sebastião;EriceiraMAFRALISBOA;110906;Ericeira;MAFRA;LISBOA
Praia do Norte;EriceiraMAFRALISBOA;110906;Ericeira;MAFRA;LISBOA
Praia dos Pescadores;EriceiraMAFRALISBOA;110906;Ericeira;MAFRA;LISBOA
Praia do Sul;EriceiraMAFRALISBOA;110906;Ericeira;MAFRA;LISBOA
Praia do Muro da Galera;CarvoeiraMAFRALISBOA;110902;Carvoeira;MAFRA;LISBOA
Praia da Foz do Lizandro;CarvoeiraMAFRALISBOA;110902;Carvoeira;MAFRA;LISBOA
Praia de São Julião;São João das Lampas e TerrugemSINTRALISBOA;111127;São João das Lampas e Terrugem;SINTRA;LISBOA
Praia da Vigia;São João das Lampas e TerrugemSINTRALISBOA;111127;São João das Lampas e Terrugem;SINTRA;LISBOA
Praia da Samarra;São João das Lampas e TerrugemSINTRALISBOA;111127;São João das Lampas e Terrugem;SINTRA;LISBOA
Praia do Giribeto;São João das Lampas e TerrugemSINTRALISBOA;111127;São João das Lampas e Terrugem;SINTRA;LISBOA
Praia do Magoito;São João das Lampas e TerrugemSINTRALISBOA;111127;São João das Lampas e Terrugem;SINTRA;LISBOA
Praia da Aguda;São João das Lampas e TerrugemSINTRALISBOA;111127;São João das Lampas e Terrugem;SINTRA;LISBOA
Praia das Azenhas do Mar;ColaresSINTRALISBOA;111105;Colares;SINTRA;LISBOA
Praia das Maçãs;ColaresSINTRALISBOA;111105;Colares;SINTRA;LISBOA
Praia Pequena do Rodízio;ColaresSINTRALISBOA;111105;Colares;SINTRA;LISBOA
Praia Grande do Rodízio;ColaresSINTRALISBOA;111105;Colares;SINTRA;LISBOA
Praia da Adraga;ColaresSINTRALISBOA;111105;Colares;SINTRA;LISBOA
Praia do Cavalo;ColaresSINTRALISBOA;111105;Colares;SINTRA;LISBOA
Praia do Caneiro;ColaresSINTRALISBOA;111105;Colares;SINTRA;LISBOA
Praia da Ursa;ColaresSINTRALISBOA;111105;Colares;SINTRA;LISBOA
Praia da Aroeira;ColaresSINTRALISBOA;111105;Colares;SINTRA;LISBOA
Praia do Louriçal;ColaresSINTRALISBOA;111105;Colares;SINTRA;LISBOA
Praia de Assentiz;ColaresSINTRALISBOA;111105;Colares;SINTRA;LISBOA
Praia do Porto do Touro;AlcabidecheCASCAISLISBOA;110501;Alcabideche;CASCAIS;LISBOA
Praia da Grota;AlcabidecheCASCAISLISBOA;110501;Alcabideche;CASCAIS;LISBOA
Praia do Abano;AlcabidecheCASCAISLISBOA;110501;Alcabideche;CASCAIS;LISBOA
Praia Grande do Guincho;Cascais e EstorilCASCAISLISBOA;110508;Cascais e Estoril;CASCAIS;LISBOA
Praia da Água Doce;Cascais e EstorilCASCAISLISBOA;110508;Cascais e Estoril;CASCAIS;LISBOA
Praia da Crismina;Cascais e EstorilCASCAISLISBOA;110508;Cascais e Estoril;CASCAIS;LISBOA
Praia da Arriba;Cascais e EstorilCASCAISLISBOA;110508;Cascais e Estoril;CASCAIS;LISBOA
Praia de Santa Marta;Cascais e EstorilCASCAISLISBOA;110508;Cascais e Estoril;CASCAIS;LISBOA
Praia da Ribeira de Cascais;Cascais e EstorilCASCAISLISBOA;110508;Cascais e Estoril;CASCAIS;LISBOA
Praia da Rainha;Cascais e EstorilCASCAISLISBOA;110508;Cascais e Estoril;CASCAIS;LISBOA
Praia do Hotel Albatroz;Cascais e EstorilCASCAISLISBOA;110508;Cascais e Estoril;CASCAIS;LISBOA
Praia da Conceição;Cascais e EstorilCASCAISLISBOA;110508;Cascais e Estoril;CASCAIS;LISBOA
Praia da Duquesa;Cascais e EstorilCASCAISLISBOA;110508;Cascais e Estoril;CASCAIS;LISBOA
Piscina Oceânica Alberto Romano;Cascais e EstorilCASCAISLISBOA;110508;Cascais e Estoril;CASCAIS;LISBOA
Praia das Moitas;Cascais e EstorilCASCAISLISBOA;110508;Cascais e Estoril;CASCAIS;LISBOA
Praia do Tamariz;Cascais e EstorilCASCAISLISBOA;110508;Cascais e Estoril;CASCAIS;LISBOA
Praia do Pescoço do Cavalo;Cascais e EstorilCASCAISLISBOA;110508;Cascais e Estoril;CASCAIS;LISBOA
Praia da Poça;Cascais e EstorilCASCAISLISBOA;110508;Cascais e Estoril;CASCAIS;LISBOA
Praia da Azarujinha;Cascais e EstorilCASCAISLISBOA;110508;Cascais e Estoril;CASCAIS;LISBOA
Praia de São Pedro do Estoril;Cascais e EstorilCASCAISLISBOA;110508;Cascais e Estoril;CASCAIS;LISBOA
Praia da Bafureira;Carcavelos e ParedeCASCAISLISBOA;110507;Carcavelos e Parede;CASCAIS;LISBOA
Praia das Avencas;Carcavelos e ParedeCASCAISLISBOA;110507;Carcavelos e Parede;CASCAIS;LISBOA
Praia da Parede;Carcavelos e ParedeCASCAISLISBOA;110507;Carcavelos e Parede;CASCAIS;LISBOA
Praia de Carcavelos;Carcavelos e ParedeCASCAISLISBOA;110507;Carcavelos e Parede;CASCAIS;LISBOA
Praia dos Gémeos;Carcavelos e ParedeCASCAISLISBOA;110507;Carcavelos e Parede;CASCAIS;LISBOA
Praia do Moinho;Carcavelos e ParedeCASCAISLISBOA;110507;Carcavelos e Parede;CASCAIS;LISBOA
Praia da Torre;Oeiras e São Julião da Barra, Paço de Arcos e CaxiasOEIRASLISBOA;111014;Oeiras e São Julião da Barra, Paço de Arcos e Caxias;OEIRAS;LISBOA
Praia da Laje;Oeiras e São Julião da Barra, Paço de Arcos e CaxiasOEIRASLISBOA;111014;Oeiras e São Julião da Barra, Paço de Arcos e Caxias;OEIRAS;LISBOA
Praia de Santo Amaro de Oeiras;Oeiras e São Julião da Barra, Paço de Arcos e CaxiasOEIRASLISBOA;111014;Oeiras e São Julião da Barra, Paço de Arcos e Caxias;OEIRAS;LISBOA
Praia das Fontainhas;Oeiras e São Julião da Barra, Paço de Arcos e CaxiasOEIRASLISBOA;111014;Oeiras e São Julião da Barra, Paço de Arcos e Caxias;OEIRAS;LISBOA
Praia de Paço de Arcos;Oeiras e São Julião da Barra, Paço de Arcos e CaxiasOEIRASLISBOA;111014;Oeiras e São Julião da Barra, Paço de Arcos e Caxias;OEIRAS;LISBOA
Praia Velha;Oeiras e São Julião da Barra, Paço de Arcos e CaxiasOEIRASLISBOA;111014;Oeiras e São Julião da Barra, Paço de Arcos e Caxias;OEIRAS;LISBOA
Praia da Giribita;Oeiras e São Julião da Barra, Paço de Arcos e CaxiasOEIRASLISBOA;111014;Oeiras e São Julião da Barra, Paço de Arcos e Caxias;OEIRAS;LISBOA
Praia de Caxias;Oeiras e São Julião da Barra, Paço de Arcos e CaxiasOEIRASLISBOA;111014;Oeiras e São Julião da Barra, Paço de Arcos e Caxias;OEIRAS;LISBOA
Praia de São Bruno;Oeiras e São Julião da Barra, Paço de Arcos e CaxiasOEIRASLISBOA;111014;Oeiras e São Julião da Barra, Paço de Arcos e Caxias;OEIRAS;LISBOA
Praia da Cruz Quebrada;Oeiras e São Julião da Barra, Paço de Arcos e CaxiasOEIRASLISBOA;111014;Oeiras e São Julião da Barra, Paço de Arcos e Caxias;OEIRAS;LISBOA
Praia do Dafundo;Oeiras e São Julião da Barra, Paço de Arcos e CaxiasOEIRASLISBOA;111014;Oeiras e São Julião da Barra, Paço de Arcos e Caxias;OEIRAS;LISBOA
Praia de Algés;Algés, Linda-a-Velha e Cruz Quebrada-DafundoOEIRASLISBOA;111012;Algés, Linda-a-Velha e Cruz Quebrada-Dafundo;OEIRAS;LISBOA
Praia da Trafaria;Caparica e TrafariaALMADASETÚBAL;150313;Caparica e Trafaria;ALMADA;SETÚBAL
Praia do Segundo Torrão;Caparica e TrafariaALMADASETÚBAL;150313;Caparica e Trafaria;ALMADA;SETÚBAL
Praia da Cova do Vapor;Caparica e TrafariaALMADASETÚBAL;150313;Caparica e Trafaria;ALMADA;SETÚBAL
Praia de São João da Caparica;Caparica e TrafariaALMADASETÚBAL;150313;Caparica e Trafaria;ALMADA;SETÚBAL
Praia do Norte;Costa da CaparicaALMADASETÚBAL;150303;Costa da Caparica;ALMADA;SETÚBAL
Praia de Santo António da Caparica;Costa da CaparicaALMADASETÚBAL;150303;Costa da Caparica;ALMADA;SETÚBAL
Praia do C.D.S.;Costa da CaparicaALMADASETÚBAL;150303;Costa da Caparica;ALMADA;SETÚBAL
Praia do Tarquínio-Paraíso;Costa da CaparicaALMADASETÚBAL;150303;Costa da Caparica;ALMADA;SETÚBAL
Praia do Dragão Vermelho;Costa da CaparicaALMADASETÚBAL;150303;Costa da Caparica;ALMADA;SETÚBAL
Praia Nova;Costa da CaparicaALMADASETÚBAL;150303;Costa da Caparica;ALMADA;SETÚBAL
Nova Praia;Costa da CaparicaALMADASETÚBAL;150303;Costa da Caparica;ALMADA;SETÚBAL
Praia da Saúde;Costa da CaparicaALMADASETÚBAL;150303;Costa da Caparica;ALMADA;SETÚBAL
Praia da Cornélia;Costa da CaparicaALMADASETÚBAL;150303;Costa da Caparica;ALMADA;SETÚBAL
Praia da Mata;Costa da CaparicaALMADASETÚBAL;150303;Costa da Caparica;ALMADA;SETÚBAL
Praia da Riviera;Costa da CaparicaALMADASETÚBAL;150303;Costa da Caparica;ALMADA;SETÚBAL
Praia da Rainha;Costa da CaparicaALMADASETÚBAL;150303;Costa da Caparica;ALMADA;SETÚBAL
Praia do Castelo;Costa da CaparicaALMADASETÚBAL;150303;Costa da Caparica;ALMADA;SETÚBAL
Praia da Cabana do Pescador;Costa da CaparicaALMADASETÚBAL;150303;Costa da Caparica;ALMADA;SETÚBAL
Praia da Princesa;Costa da CaparicaALMADASETÚBAL;150303;Costa da Caparica;ALMADA;SETÚBAL
Praia do Rei;Costa da CaparicaALMADASETÚBAL;150303;Costa da Caparica;ALMADA;SETÚBAL
Praia da Morena;Costa da CaparicaALMADASETÚBAL;150303;Costa da Caparica;ALMADA;SETÚBAL
Praia da Sereia;Costa da CaparicaALMADASETÚBAL;150303;Costa da Caparica;ALMADA;SETÚBAL
Praia do Infante;Costa da CaparicaALMADASETÚBAL;150303;Costa da Caparica;ALMADA;SETÚBAL
Praia da Nova Vaga;Costa da CaparicaALMADASETÚBAL;150303;Costa da Caparica;ALMADA;SETÚBAL
Praia da Bela Vista;Costa da CaparicaALMADASETÚBAL;150303;Costa da Caparica;ALMADA;SETÚBAL
Praia do Dezanove;Costa da CaparicaALMADASETÚBAL;150303;Costa da Caparica;ALMADA;SETÚBAL
Praia da Fonte da Telha;Costa da CaparicaALMADASETÚBAL;150303;Costa da Caparica;ALMADA;SETÚBAL
Praia da Adiça;Costa da CaparicaALMADASETÚBAL;150303;Costa da Caparica;ALMADA;SETÚBAL
Praia dos Medos de Albufeira;Sesimbra (Castelo)SESIMBRASETÚBAL;151101;Sesimbra (Castelo);SESIMBRA;SETÚBAL
Praia dos Olhos de Água;Sesimbra (Castelo)SESIMBRASETÚBAL;151101;Sesimbra (Castelo);SESIMBRA;SETÚBAL
Praia do Galherão;Sesimbra (Castelo)SESIMBRASETÚBAL;151101;Sesimbra (Castelo);SESIMBRA;SETÚBAL
Praia da Boca Velha;Sesimbra (Castelo)SESIMBRASETÚBAL;151101;Sesimbra (Castelo);SESIMBRA;SETÚBAL
Praia da Lagoa de Albufeira (Mar);Sesimbra (Castelo)SESIMBRASETÚBAL;151101;Sesimbra (Castelo);SESIMBRA;SETÚBAL
Praia de Alfarim;Sesimbra (Castelo)SESIMBRASETÚBAL;151101;Sesimbra (Castelo);SESIMBRA;SETÚBAL
Praia do Moinho de Baixo;Sesimbra (Castelo)SESIMBRASETÚBAL;151101;Sesimbra (Castelo);SESIMBRA;SETÚBAL
Praia da Tramagueira;Sesimbra (Castelo)SESIMBRASETÚBAL;151101;Sesimbra (Castelo);SESIMBRA;SETÚBAL
Praia do Rio da Prata;Sesimbra (Castelo)SESIMBRASETÚBAL;151101;Sesimbra (Castelo);SESIMBRA;SETÚBAL
Praia do Penedo;Sesimbra (Castelo)SESIMBRASETÚBAL;151101;Sesimbra (Castelo);SESIMBRA;SETÚBAL
Praia das Bicas;Sesimbra (Castelo)SESIMBRASETÚBAL;151101;Sesimbra (Castelo);SESIMBRA;SETÚBAL
Praia da Pipa;Sesimbra (Castelo)SESIMBRASETÚBAL;151101;Sesimbra (Castelo);SESIMBRA;SETÚBAL
Praia da Foz;Sesimbra (Castelo)SESIMBRASETÚBAL;151101;Sesimbra (Castelo);SESIMBRA;SETÚBAL
Praia do Rebenta Bois;Sesimbra (Castelo)SESIMBRASETÚBAL;151101;Sesimbra (Castelo);SESIMBRA;SETÚBAL
Praia do Seixalinho;Sesimbra (Castelo)SESIMBRASETÚBAL;151101;Sesimbra (Castelo);SESIMBRA;SETÚBAL
Praia do Areia do Mastro;Sesimbra (Castelo)SESIMBRASETÚBAL;151101;Sesimbra (Castelo);SESIMBRA;SETÚBAL
Praia dos Lagosteiros;Sesimbra (Castelo)SESIMBRASETÚBAL;151101;Sesimbra (Castelo);SESIMBRA;SETÚBAL
Praia do Cavalo;Sesimbra (Castelo)SESIMBRASETÚBAL;151101;Sesimbra (Castelo);SESIMBRA;SETÚBAL
Praia da Baleeira;Sesimbra (Castelo)SESIMBRASETÚBAL;151101;Sesimbra (Castelo);SESIMBRA;SETÚBAL
Praia do Inferno;Sesimbra (Castelo)SESIMBRASETÚBAL;151101;Sesimbra (Castelo);SESIMBRA;SETÚBAL
Praia de Cramesines;Sesimbra (Castelo)SESIMBRASETÚBAL;151101;Sesimbra (Castelo);SESIMBRA;SETÚBAL
Praia de Vale Covo;Sesimbra (Castelo)SESIMBRASETÚBAL;151101;Sesimbra (Castelo);SESIMBRA;SETÚBAL
Praia do Temporal;Sesimbra (Castelo)SESIMBRASETÚBAL;151101;Sesimbra (Castelo);SESIMBRA;SETÚBAL
Praia da Mijona;Sesimbra (Castelo)SESIMBRASETÚBAL;151101;Sesimbra (Castelo);SESIMBRA;SETÚBAL
Praia da Ribeira do Cavalo;Sesimbra (Castelo)SESIMBRASETÚBAL;151101;Sesimbra (Castelo);SESIMBRA;SETÚBAL
Prainha;Sesimbra (Santiago)SESIMBRASETÚBAL;151102;Sesimbra (Santiago);SESIMBRA;SETÚBAL
Praia do Ouro;Sesimbra (Santiago)SESIMBRASETÚBAL;151102;Sesimbra (Santiago);SESIMBRA;SETÚBAL
Praia da Califórnia;Sesimbra (Santiago)SESIMBRASETÚBAL;151102;Sesimbra (Santiago);SESIMBRA;SETÚBAL
Praia dos Penedos;Sesimbra (Castelo)SESIMBRASETÚBAL;151101;Sesimbra (Castelo);SESIMBRA;SETÚBAL
Praia de Alpertuche;Azeitão (São Lourenço e São Simão)SETÚBALSETÚBAL;151209;Azeitão (São Lourenço e São Simão);SETÚBAL;SETÚBAL
Praia dos Pilotos;Azeitão (São Lourenço e São Simão)SETÚBALSETÚBAL;151209;Azeitão (São Lourenço e São Simão);SETÚBAL;SETÚBAL
Praia do Portinho da Arrábida;Azeitão (São Lourenço e São Simão)SETÚBALSETÚBAL;151209;Azeitão (São Lourenço e São Simão);SETÚBAL;SETÚBAL
Praia do Creiro;Azeitão (São Lourenço e São Simão)SETÚBALSETÚBAL;151209;Azeitão (São Lourenço e São Simão);SETÚBAL;SETÚBAL
Praia do Monte Branco;Azeitão (São Lourenço e São Simão)SETÚBALSETÚBAL;151209;Azeitão (São Lourenço e São Simão);SETÚBAL;SETÚBAL
Praia da Anicha;Azeitão (São Lourenço e São Simão)SETÚBALSETÚBAL;151209;Azeitão (São Lourenço e São Simão);SETÚBAL;SETÚBAL
Praia dos Coelhos;Azeitão (São Lourenço e São Simão)SETÚBALSETÚBAL;151209;Azeitão (São Lourenço e São Simão);SETÚBAL;SETÚBAL
Praia de Galapinhos;Azeitão (São Lourenço e São Simão)SETÚBALSETÚBAL;151209;Azeitão (São Lourenço e São Simão);SETÚBAL;SETÚBAL
Praia de Galapos;Azeitão (São Lourenço e São Simão)SETÚBALSETÚBAL;151209;Azeitão (São Lourenço e São Simão);SETÚBAL;SETÚBAL
Praia da Figueirinha;Setúbal (São Julião, Nossa Senhora da Anunciada e Santa Maria da Graça)SETÚBALSETÚBAL;151210;Setúbal (São Julião, Nossa Senhora da Anunciada e Santa Maria da Graça);SETÚBAL;SETÚBAL
Praia do Outão;Setúbal (São Julião, Nossa Senhora da Anunciada e Santa Maria da Graça)SETÚBALSETÚBAL;151210;Setúbal (São Julião, Nossa Senhora da Anunciada e Santa Maria da Graça);SETÚBAL;SETÚBAL
Praia da Rasca;Setúbal (São Julião, Nossa Senhora da Anunciada e Santa Maria da Graça)SETÚBALSETÚBAL;151210;Setúbal (São Julião, Nossa Senhora da Anunciada e Santa Maria da Graça);SETÚBAL;SETÚBAL
Praia da Comenda;Setúbal (São Julião, Nossa Senhora da Anunciada e Santa Maria da Graça)SETÚBALSETÚBAL;151210;Setúbal (São Julião, Nossa Senhora da Anunciada e Santa Maria da Graça);SETÚBAL;SETÚBAL
Praia de Albarquel;Setúbal (São Julião, Nossa Senhora da Anunciada e Santa Maria da Graça)SETÚBALSETÚBAL;151210;Setúbal (São Julião, Nossa Senhora da Anunciada e Santa Maria da Graça);SETÚBAL;SETÚBAL
Praia de Tróia (Rio);CarvalhalGRÂNDOLASETÚBAL;150505;Carvalhal;GRÂNDOLA;SETÚBAL
Praia de Tróia (Mar);CarvalhalGRÂNDOLASETÚBAL;150505;Carvalhal;GRÂNDOLA;SETÚBAL
Praia de Tróia-Bico das Lulas;CarvalhalGRÂNDOLASETÚBAL;150505;Carvalhal;GRÂNDOLA;SETÚBAL
Praia da Questa;CarvalhalGRÂNDOLASETÚBAL;150505;Carvalhal;GRÂNDOLA;SETÚBAL
Praia de Tróia-Galé;CarvalhalGRÂNDOLASETÚBAL;150505;Carvalhal;GRÂNDOLA;SETÚBAL
Praia do Golfe;CarvalhalGRÂNDOLASETÚBAL;150505;Carvalhal;GRÂNDOLA;SETÚBAL
Praia do Campismo;CarvalhalGRÂNDOLASETÚBAL;150505;Carvalhal;GRÂNDOLA;SETÚBAL
Praia Atlântica;CarvalhalGRÂNDOLASETÚBAL;150505;Carvalhal;GRÂNDOLA;SETÚBAL
Praia da Malha da Costa;CarvalhalGRÂNDOLASETÚBAL;150505;Carvalhal;GRÂNDOLA;SETÚBAL
Praia da Comporta;CarvalhalGRÂNDOLASETÚBAL;150505;Carvalhal;GRÂNDOLA;SETÚBAL
Praia da Torre;CarvalhalGRÂNDOLASETÚBAL;150505;Carvalhal;GRÂNDOLA;SETÚBAL
Praia dos Brejos;CarvalhalGRÂNDOLASETÚBAL;150505;Carvalhal;GRÂNDOLA;SETÚBAL
Praia do Carvalhal;CarvalhalGRÂNDOLASETÚBAL;150505;Carvalhal;GRÂNDOLA;SETÚBAL
Praia do Pêgo;CarvalhalGRÂNDOLASETÚBAL;150505;Carvalhal;GRÂNDOLA;SETÚBAL
Praia da Raposa;CarvalhalGRÂNDOLASETÚBAL;150505;Carvalhal;GRÂNDOLA;SETÚBAL
Praia do Pinheirinho;MelidesGRÂNDOLASETÚBAL;150503;Melides;GRÂNDOLA;SETÚBAL
Praia da Galé-Fontainhas;MelidesGRÂNDOLASETÚBAL;150503;Melides;GRÂNDOLA;SETÚBAL
Praia da Aberta Nova;MelidesGRÂNDOLASETÚBAL;150503;Melides;GRÂNDOLA;SETÚBAL
Praia da Vigia;MelidesGRÂNDOLASETÚBAL;150503;Melides;GRÂNDOLA;SETÚBAL
Praia de Melides;MelidesGRÂNDOLASETÚBAL;150503;Melides;GRÂNDOLA;SETÚBAL
Praia da Sesmaria;MelidesGRÂNDOLASETÚBAL;150503;Melides;GRÂNDOLA;SETÚBAL
Praia da Costa de Santo André;Santo AndréSANTIAGO DO CACÉMSETÚBAL;150907;Santo André;SANTIAGO DO CACÉM;SETÚBAL
Praia do Monte Velho;Santo AndréSANTIAGO DO CACÉMSETÚBAL;150907;Santo André;SANTIAGO DO CACÉM;SETÚBAL
Praia das Areias Brancas;Santo AndréSANTIAGO DO CACÉMSETÚBAL;150907;Santo André;SANTIAGO DO CACÉM;SETÚBAL
Praia da Fonte do Cortiço;Santo AndréSANTIAGO DO CACÉMSETÚBAL;150907;Santo André;SANTIAGO DO CACÉM;SETÚBAL
Praia da Sancha;SinesSINESSETÚBAL;151301;Sines;SINES;SETÚBAL
Praia do Areão;SinesSINESSETÚBAL;151301;Sines;SINES;SETÚBAL
Praia do Lago;SinesSINESSETÚBAL;151301;Sines;SINES;SETÚBAL
Praia da Guia;SinesSINESSETÚBAL;151301;Sines;SINES;SETÚBAL
Praia do Canto Mosqueiro;SinesSINESSETÚBAL;151301;Sines;SINES;SETÚBAL
Praia Vasco da Gama;SinesSINESSETÚBAL;151301;Sines;SINES;SETÚBAL
Praia de São Torpes;SinesSINESSETÚBAL;151301;Sines;SINES;SETÚBAL
Praia da Pelengana;SinesSINESSETÚBAL;151301;Sines;SINES;SETÚBAL
Praia de Morgavel;SinesSINESSETÚBAL;151301;Sines;SINES;SETÚBAL
Praia da Navalheira;SinesSINESSETÚBAL;151301;Sines;SINES;SETÚBAL
Praia de Vale Figueiros;SinesSINESSETÚBAL;151301;Sines;SINES;SETÚBAL
Praia da Oliveirinha;Porto CovoSINESSETÚBAL;151302;Porto Covo;SINES;SETÚBAL
Praia da Foz;Porto CovoSINESSETÚBAL;151302;Porto Covo;SINES;SETÚBAL
Praia dos Canudos;Porto CovoSINESSETÚBAL;151302;Porto Covo;SINES;SETÚBAL
Praia do Burrinho;Porto CovoSINESSETÚBAL;151302;Porto Covo;SINES;SETÚBAL
Praia da Samoqueira;Porto CovoSINESSETÚBAL;151302;Porto Covo;SINES;SETÚBAL
Praia de Porto Covinho;Porto CovoSINESSETÚBAL;151302;Porto Covo;SINES;SETÚBAL
Praia do Serro da Águia;Porto CovoSINESSETÚBAL;151302;Porto Covo;SINES;SETÚBAL
Praia do Salto;Porto CovoSINESSETÚBAL;151302;Porto Covo;SINES;SETÚBAL
Praia da Cerca Nova;Porto CovoSINESSETÚBAL;151302;Porto Covo;SINES;SETÚBAL
Praia Grande de Porto Covo;Porto CovoSINESSETÚBAL;151302;Porto Covo;SINES;SETÚBAL
Praia do Espingardeiro;Porto CovoSINESSETÚBAL;151302;Porto Covo;SINES;SETÚBAL
Praia do Banho;Porto CovoSINESSETÚBAL;151302;Porto Covo;SINES;SETÚBAL
Praia da Gaivota;Porto CovoSINESSETÚBAL;151302;Porto Covo;SINES;SETÚBAL
Praia Pequena;Porto CovoSINESSETÚBAL;151302;Porto Covo;SINES;SETÚBAL
Praia dos Buizinhos;Porto CovoSINESSETÚBAL;151302;Porto Covo;SINES;SETÚBAL
Praia da Baía de Porto Covo;Porto CovoSINESSETÚBAL;151302;Porto Covo;SINES;SETÚBAL
Praia da Engardaceira;Porto CovoSINESSETÚBAL;151302;Porto Covo;SINES;SETÚBAL
Praia do Seizal;Porto CovoSINESSETÚBAL;151302;Porto Covo;SINES;SETÚBAL
Praia da Ilha do Pessegueiro;Porto CovoSINESSETÚBAL;151302;Porto Covo;SINES;SETÚBAL
Praia do Queimado;Porto CovoSINESSETÚBAL;151302;Porto Covo;SINES;SETÚBAL
Praia dos Aivados;Vila Nova de MilfontesODEMIRABEJA;21111;Vila Nova de Milfontes;ODEMIRA;BEJA
Praia da Cruz;Vila Nova de MilfontesODEMIRABEJA;21111;Vila Nova de Milfontes;ODEMIRA;BEJA
Praia do Saltinho;Vila Nova de MilfontesODEMIRABEJA;21111;Vila Nova de Milfontes;ODEMIRA;BEJA
Praia dos Nascedios;Vila Nova de MilfontesODEMIRABEJA;21111;Vila Nova de Milfontes;ODEMIRA;BEJA
Praia do Malhão (Centro);Vila Nova de MilfontesODEMIRABEJA;21111;Vila Nova de Milfontes;ODEMIRA;BEJA
Praia do Malhão (Sul);Vila Nova de MilfontesODEMIRABEJA;21111;Vila Nova de Milfontes;ODEMIRA;BEJA
Praia da Angra da Barreta;Vila Nova de MilfontesODEMIRABEJA;21111;Vila Nova de Milfontes;ODEMIRA;BEJA
Praia da Angra da Vaca;Vila Nova de MilfontesODEMIRABEJA;21111;Vila Nova de Milfontes;ODEMIRA;BEJA
Praia do Burdo;Vila Nova de MilfontesODEMIRABEJA;21111;Vila Nova de Milfontes;ODEMIRA;BEJA
Praia da Angra da Cerva;Vila Nova de MilfontesODEMIRABEJA;21111;Vila Nova de Milfontes;ODEMIRA;BEJA
Praia do Porto das Barcas;Vila Nova de MilfontesODEMIRABEJA;21111;Vila Nova de Milfontes;ODEMIRA;BEJA
Praia do Patacho;Vila Nova de MilfontesODEMIRABEJA;21111;Vila Nova de Milfontes;ODEMIRA;BEJA
Praia do Carreiro das Fazendas;Vila Nova de MilfontesODEMIRABEJA;21111;Vila Nova de Milfontes;ODEMIRA;BEJA
Praia do Farol;Vila Nova de MilfontesODEMIRABEJA;21111;Vila Nova de Milfontes;ODEMIRA;BEJA
Praia da Franquia;Vila Nova de MilfontesODEMIRABEJA;21111;Vila Nova de Milfontes;ODEMIRA;BEJA
Praia das Furnas;Longueira/AlmograveODEMIRABEJA;21117;Longueira/Almograve;ODEMIRA;BEJA
Praia da Angra do Cozinhadouro;Longueira/AlmograveODEMIRABEJA;21117;Longueira/Almograve;ODEMIRA;BEJA
Praia da Angra do Navio de Trigo;Longueira/AlmograveODEMIRABEJA;21117;Longueira/Almograve;ODEMIRA;BEJA
Praia do Cavalo;Longueira/AlmograveODEMIRABEJA;21117;Longueira/Almograve;ODEMIRA;BEJA
Praia do Brejo Largo;Longueira/AlmograveODEMIRABEJA;21117;Longueira/Almograve;ODEMIRA;BEJA
Praia dos Picos;Longueira/AlmograveODEMIRABEJA;21117;Longueira/Almograve;ODEMIRA;BEJA
Praia da Angra do Travesso;Longueira/AlmograveODEMIRABEJA;21117;Longueira/Almograve;ODEMIRA;BEJA
Praia da Angra das Melancias;Longueira/AlmograveODEMIRABEJA;21117;Longueira/Almograve;ODEMIRA;BEJA
Praia da Foz dos Ouriços;Longueira/AlmograveODEMIRABEJA;21117;Longueira/Almograve;ODEMIRA;BEJA
Praia de Nossa Senhora;Longueira/AlmograveODEMIRABEJA;21117;Longueira/Almograve;ODEMIRA;BEJA
Praia de Almograve;Longueira/AlmograveODEMIRABEJA;21117;Longueira/Almograve;ODEMIRA;BEJA
Praia da Poça do Buraco;Longueira/AlmograveODEMIRABEJA;21117;Longueira/Almograve;ODEMIRA;BEJA
Praia dos Carriços;Longueira/AlmograveODEMIRABEJA;21117;Longueira/Almograve;ODEMIRA;BEJA
Praia da Barca Grande;Longueira/AlmograveODEMIRABEJA;21117;Longueira/Almograve;ODEMIRA;BEJA
Praia do Cão;São TeotónioODEMIRABEJA;21121;São Teotónio;ODEMIRA;BEJA
Praia da Laginha;São TeotónioODEMIRABEJA;21121;São Teotónio;ODEMIRA;BEJA
Praia do Cavaleiro;São TeotónioODEMIRABEJA;21121;São Teotónio;ODEMIRA;BEJA
Praia do Creleizão;São TeotónioODEMIRABEJA;21121;São Teotónio;ODEMIRA;BEJA
Praia da Lavagueira;São TeotónioODEMIRABEJA;21121;São Teotónio;ODEMIRA;BEJA
Praia do Tonel;São TeotónioODEMIRABEJA;21121;São Teotónio;ODEMIRA;BEJA
Praia da Baía da Arquinha;São TeotónioODEMIRABEJA;21121;São Teotónio;ODEMIRA;BEJA
Praia da Pedra da Bica;São TeotónioODEMIRABEJA;21121;São Teotónio;ODEMIRA;BEJA
Praia de Nossa Senhora;São TeotónioODEMIRABEJA;21121;São Teotónio;ODEMIRA;BEJA
Praia da Entrada da Barca;São TeotónioODEMIRABEJA;21121;São Teotónio;ODEMIRA;BEJA
Praia dos Carreirinhos;São TeotónioODEMIRABEJA;21121;São Teotónio;ODEMIRA;BEJA
Praia da Zambujeira do Mar;São TeotónioODEMIRABEJA;21121;São Teotónio;ODEMIRA;BEJA
Praia dos Alteirinhos;São TeotónioODEMIRABEJA;21121;São Teotónio;ODEMIRA;BEJA
Praia da Meia Laranja;São TeotónioODEMIRABEJA;21121;São Teotónio;ODEMIRA;BEJA
Praia das Bernosas;São TeotónioODEMIRABEJA;21121;São Teotónio;ODEMIRA;BEJA
Praia do Alvorião;São TeotónioODEMIRABEJA;21121;São Teotónio;ODEMIRA;BEJA
Praia do Carvalhal;São TeotónioODEMIRABEJA;21121;São Teotónio;ODEMIRA;BEJA
Praia do Machado;São TeotónioODEMIRABEJA;21121;São Teotónio;ODEMIRA;BEJA
Praia da Amália;São TeotónioODEMIRABEJA;21121;São Teotónio;ODEMIRA;BEJA
Praia da Azenha do Mar;São TeotónioODEMIRABEJA;21121;São Teotónio;ODEMIRA;BEJA
Praia da Baiona;São TeotónioODEMIRABEJA;21121;São Teotónio;ODEMIRA;BEJA
Praia de Odeceixe (Mar);OdeceixeALJEZURFARO;80303;Odeceixe;ALJEZUR;FARO
Praia das Adegas;OdeceixeALJEZURFARO;80303;Odeceixe;ALJEZUR;FARO
Praia do Guincho;OdeceixeALJEZURFARO;80303;Odeceixe;ALJEZUR;FARO
Praia da Quebrada;RogilALJEZURFARO;80304;Rogil;ALJEZUR;FARO
Praia da Esteveira;RogilALJEZURFARO;80304;Rogil;ALJEZUR;FARO
Praia da Samouqueira;RogilALJEZURFARO;80304;Rogil;ALJEZUR;FARO
Praia da Barradinha;RogilALJEZURFARO;80304;Rogil;ALJEZUR;FARO
Praia do Vale dos Homens;RogilALJEZURFARO;80304;Rogil;ALJEZUR;FARO
Praia da Carreagem;RogilALJEZURFARO;80304;Rogil;ALJEZUR;FARO
Praia da Amoreira (Mar);AljezurALJEZURFARO;80301;Aljezur;ALJEZUR;FARO
Praia do Monte Clérigo;AljezurALJEZURFARO;80301;Aljezur;ALJEZUR;FARO
Praia da Fateixa;AljezurALJEZURFARO;80301;Aljezur;ALJEZUR;FARO
Praia da Pipa;AljezurALJEZURFARO;80301;Aljezur;ALJEZUR;FARO
Praia do Medo da Fonte Santa;AljezurALJEZURFARO;80301;Aljezur;ALJEZUR;FARO
Praia da Arrifana;AljezurALJEZURFARO;80301;Aljezur;ALJEZUR;FARO
Praia da Pedra Agulha;AljezurALJEZURFARO;80301;Aljezur;ALJEZUR;FARO
Praia do Canal;AljezurALJEZURFARO;80301;Aljezur;ALJEZUR;FARO
Praia do Penedo;AljezurALJEZURFARO;80301;Aljezur;ALJEZUR;FARO
Praia de Vale Figueiras;BordeiraALJEZURFARO;80302;Bordeira;ALJEZUR;FARO
Praia da Bordeira;BordeiraALJEZURFARO;80302;Bordeira;ALJEZUR;FARO
Praia da Zimbreirinha;BordeiraALJEZURFARO;80302;Bordeira;ALJEZUR;FARO
Praia do Portinho do Forno;BordeiraALJEZURFARO;80302;Bordeira;ALJEZUR;FARO
Praia do Amado;BordeiraALJEZURFARO;80302;Bordeira;ALJEZUR;FARO
Prainha;BordeiraALJEZURFARO;80302;Bordeira;ALJEZUR;FARO
Praia da Murração;Vila do Bispo e RaposeiraVILA DO BISPOFARO;81506;Vila do Bispo e Raposeira;VILA DO BISPO;FARO
Praia da Manteiga;Vila do Bispo e RaposeiraVILA DO BISPOFARO;81506;Vila do Bispo e Raposeira;VILA DO BISPO;FARO
Praia do Mirouço;Vila do Bispo e RaposeiraVILA DO BISPOFARO;81506;Vila do Bispo e Raposeira;VILA DO BISPO;FARO
Praia dos Mouranitos;Vila do Bispo e RaposeiraVILA DO BISPOFARO;81506;Vila do Bispo e Raposeira;VILA DO BISPO;FARO
Praia da Barriga;Vila do Bispo e RaposeiraVILA DO BISPOFARO;81506;Vila do Bispo e Raposeira;VILA DO BISPO;FARO
Praia da Cordoama;Vila do Bispo e RaposeiraVILA DO BISPOFARO;81506;Vila do Bispo e Raposeira;VILA DO BISPO;FARO
Praia do Castelejo;Vila do Bispo e RaposeiraVILA DO BISPOFARO;81506;Vila do Bispo e Raposeira;VILA DO BISPO;FARO
Praia da Águia;Vila do Bispo e RaposeiraVILA DO BISPOFARO;81506;Vila do Bispo e Raposeira;VILA DO BISPO;FARO
Praia da Ponta Ruiva;SagresVILA DO BISPOFARO;81504;Sagres;VILA DO BISPO;FARO
Praia do Telheiro;SagresVILA DO BISPOFARO;81504;Sagres;VILA DO BISPO;FARO
Praia do Beliche;SagresVILA DO BISPOFARO;81504;Sagres;VILA DO BISPO;FARO
Praia do Tonel;SagresVILA DO BISPOFARO;81504;Sagres;VILA DO BISPO;FARO
Prainha das Poças;SagresVILA DO BISPOFARO;81504;Sagres;VILA DO BISPO;FARO
Praia da Mareta;SagresVILA DO BISPOFARO;81504;Sagres;VILA DO BISPO;FARO
Praia da Baleeira;SagresVILA DO BISPOFARO;81504;Sagres;VILA DO BISPO;FARO
Praia do Martinhal;SagresVILA DO BISPOFARO;81504;Sagres;VILA DO BISPO;FARO
Praia dos Rebolinhos;SagresVILA DO BISPOFARO;81504;Sagres;VILA DO BISPO;FARO
Praia do Barranco;Vila do Bispo e RaposeiraVILA DO BISPOFARO;81506;Vila do Bispo e Raposeira;VILA DO BISPO;FARO
Praia do João Vaz;Vila do Bispo e RaposeiraVILA DO BISPOFARO;81506;Vila do Bispo e Raposeira;VILA DO BISPO;FARO
Praia da Ingrina;Vila do Bispo e RaposeiraVILA DO BISPOFARO;81506;Vila do Bispo e Raposeira;VILA DO BISPO;FARO
Praia do Zavial;Vila do Bispo e RaposeiraVILA DO BISPOFARO;81506;Vila do Bispo e Raposeira;VILA DO BISPO;FARO
Praia das Furnas;BudensVILA DO BISPOFARO;81502;Budens;VILA DO BISPO;FARO
Praia da Fóia do Carro;BudensVILA DO BISPOFARO;81502;Budens;VILA DO BISPO;FARO
Praia da Figueira;BudensVILA DO BISPOFARO;81502;Budens;VILA DO BISPO;FARO
Praia da Santa;BudensVILA DO BISPOFARO;81502;Budens;VILA DO BISPO;FARO
Praia da Salema;BudensVILA DO BISPOFARO;81502;Budens;VILA DO BISPO;FARO
Praia da Boca do Rio;BudensVILA DO BISPOFARO;81502;Budens;VILA DO BISPO;FARO
Praia de Almádena;BudensVILA DO BISPOFARO;81502;Budens;VILA DO BISPO;FARO
Praia das Cabanas Velhas;BudensVILA DO BISPOFARO;81502;Budens;VILA DO BISPO;FARO
Praia dos Rebolos;BudensVILA DO BISPOFARO;81502;Budens;VILA DO BISPO;FARO
Praia do Burgau;BudensVILA DO BISPOFARO;81502;Budens;VILA DO BISPO;FARO
Praia da Luz;LuzLAGOSFARO;80703;Luz;LAGOS;FARO
Praia de Porto de Mós;São Gonçalo de LagosLAGOSFARO;80708;São Gonçalo de Lagos;LAGOS;FARO
Praia do Canavial;São Gonçalo de LagosLAGOSFARO;80708;São Gonçalo de Lagos;LAGOS;FARO
Praia do Barranco do Martinho;São Gonçalo de LagosLAGOSFARO;80708;São Gonçalo de Lagos;LAGOS;FARO
Praia da Balança;São Gonçalo de LagosLAGOSFARO;80708;São Gonçalo de Lagos;LAGOS;FARO
Praia dos Pinheiros;São Gonçalo de LagosLAGOSFARO;80708;São Gonçalo de Lagos;LAGOS;FARO
Praia da Boneca;São Gonçalo de LagosLAGOSFARO;80708;São Gonçalo de Lagos;LAGOS;FARO
Praia do Camilo;São Gonçalo de LagosLAGOSFARO;80708;São Gonçalo de Lagos;LAGOS;FARO
Praia Dona Ana;São Gonçalo de LagosLAGOSFARO;80708;São Gonçalo de Lagos;LAGOS;FARO
Praia do Pinhão;São Gonçalo de LagosLAGOSFARO;80708;São Gonçalo de Lagos;LAGOS;FARO
Praia do Pinhão (Este);São Gonçalo de LagosLAGOSFARO;80708;São Gonçalo de Lagos;LAGOS;FARO
Praia dos Estudantes;São Gonçalo de LagosLAGOSFARO;80708;São Gonçalo de Lagos;LAGOS;FARO
Praia da Batata;São Gonçalo de LagosLAGOSFARO;80708;São Gonçalo de Lagos;LAGOS;FARO
Praia do Cais da Solária;São Gonçalo de LagosLAGOSFARO;80708;São Gonçalo de Lagos;LAGOS;FARO
Praia de São Roque;São Gonçalo de LagosLAGOSFARO;80708;São Gonçalo de Lagos;LAGOS;FARO
Meia Praia;São Gonçalo de LagosLAGOSFARO;80708;São Gonçalo de Lagos;LAGOS;FARO
Praia do Vale da Lama;OdiáxereLAGOSFARO;80704;Odiáxere;LAGOS;FARO
Praia do Alvor (Poente);AlvorPORTIMÃOFARO;81101;Alvor;PORTIMÃO;FARO
Praia do Alvor (Nascente);AlvorPORTIMÃOFARO;81101;Alvor;PORTIMÃO;FARO
Prainha;AlvorPORTIMÃOFARO;81101;Alvor;PORTIMÃO;FARO
Praia do Valentim de Carvalho;AlvorPORTIMÃOFARO;81101;Alvor;PORTIMÃO;FARO
Praia do Submarino;AlvorPORTIMÃOFARO;81101;Alvor;PORTIMÃO;FARO
Praia de João de Arens;AlvorPORTIMÃOFARO;81101;Alvor;PORTIMÃO;FARO
Praia de Boião;AlvorPORTIMÃOFARO;81101;Alvor;PORTIMÃO;FARO
Praia do Barranco das Canas;AlvorPORTIMÃOFARO;81101;Alvor;PORTIMÃO;FARO
Praia do Vau;PortimãoPORTIMÃOFARO;81103;Portimão;PORTIMÃO;FARO
Praia dos Careanos;PortimãoPORTIMÃOFARO;81103;Portimão;PORTIMÃO;FARO
Praia dos Três Castelos;PortimãoPORTIMÃOFARO;81103;Portimão;PORTIMÃO;FARO
Praia da Rocha;PortimãoPORTIMÃOFARO;81103;Portimão;PORTIMÃO;FARO
Praia da Marina de Portimão;PortimãoPORTIMÃOFARO;81103;Portimão;PORTIMÃO;FARO
Praia da Angrinha;FerragudoLAGOAFARO;80602;Ferragudo;LAGOA;FARO
Praia Grande;FerragudoLAGOAFARO;80602;Ferragudo;LAGOA;FARO
Praia Grande (Sul);FerragudoLAGOAFARO;80602;Ferragudo;LAGOA;FARO
Praia da Infanta;FerragudoLAGOAFARO;80602;Ferragudo;LAGOA;FARO
Praia do Molhe;FerragudoLAGOAFARO;80602;Ferragudo;LAGOA;FARO
Praia do Pintadinho;FerragudoLAGOAFARO;80602;Ferragudo;LAGOA;FARO
Praia do Torrado;FerragudoLAGOAFARO;80602;Ferragudo;LAGOA;FARO
Praia dos Caneiros;FerragudoLAGOAFARO;80602;Ferragudo;LAGOA;FARO
Praia da Afurada;FerragudoLAGOAFARO;80602;Ferragudo;LAGOA;FARO
Praia do Mato;FerragudoLAGOAFARO;80602;Ferragudo;LAGOA;FARO
Praia da Grilheria;Estômbar e ParchalLAGOAFARO;80607;Estômbar e Parchal;LAGOA;FARO
Praia do Vale da Lapa;Estômbar e ParchalLAGOAFARO;80607;Estômbar e Parchal;LAGOA;FARO
Praia da Cama da Vaca;Lagoa e CarvoeiroLAGOAFARO;80608;Lagoa e Carvoeiro;LAGOA;FARO
Praia do Padre Vicente;Lagoa e CarvoeiroLAGOAFARO;80608;Lagoa e Carvoeiro;LAGOA;FARO
Praia da Salgadeira;Lagoa e CarvoeiroLAGOAFARO;80608;Lagoa e Carvoeiro;LAGOA;FARO
Praia do Vale Currais;Lagoa e CarvoeiroLAGOAFARO;80608;Lagoa e Carvoeiro;LAGOA;FARO
Praia do Vale Currais (Este);Lagoa e CarvoeiroLAGOAFARO;80608;Lagoa e Carvoeiro;LAGOA;FARO
Praia do Paraíso;Lagoa e CarvoeiroLAGOAFARO;80608;Lagoa e Carvoeiro;LAGOA;FARO
Praia de Carvoeiro;Lagoa e CarvoeiroLAGOAFARO;80608;Lagoa e Carvoeiro;LAGOA;FARO
Praia do Vale Covo;Lagoa e CarvoeiroLAGOAFARO;80608;Lagoa e Carvoeiro;LAGOA;FARO
Praia do Vale Centianes;Lagoa e CarvoeiroLAGOAFARO;80608;Lagoa e Carvoeiro;LAGOA;FARO
Praia do Vale Espinhaço;Lagoa e CarvoeiroLAGOAFARO;80608;Lagoa e Carvoeiro;LAGOA;FARO
Praia do Carvalho;Lagoa e CarvoeiroLAGOAFARO;80608;Lagoa e Carvoeiro;LAGOA;FARO
Praia de Benagil;Lagoa e CarvoeiroLAGOAFARO;80608;Lagoa e Carvoeiro;LAGOA;FARO
Praia da Corredoura;Lagoa e CarvoeiroLAGOAFARO;80608;Lagoa e Carvoeiro;LAGOA;FARO
Praia do Cão Raivoso;Lagoa e CarvoeiroLAGOAFARO;80608;Lagoa e Carvoeiro;LAGOA;FARO
Praia da Mesquita (Oeste);Lagoa e CarvoeiroLAGOAFARO;80608;Lagoa e Carvoeiro;LAGOA;FARO
Praia da Mesquita;Lagoa e CarvoeiroLAGOAFARO;80608;Lagoa e Carvoeiro;LAGOA;FARO
Praia da Marinha;Lagoa e CarvoeiroLAGOAFARO;80608;Lagoa e Carvoeiro;LAGOA;FARO
Praia do Buraco;Lagoa e CarvoeiroLAGOAFARO;80608;Lagoa e Carvoeiro;LAGOA;FARO
Praia do Pau;Lagoa e CarvoeiroLAGOAFARO;80608;Lagoa e Carvoeiro;LAGOA;FARO
Praia da Malhada do Baraço;Lagoa e CarvoeiroLAGOAFARO;80608;Lagoa e Carvoeiro;LAGOA;FARO
Praia do Barranquinho;Lagoa e CarvoeiroLAGOAFARO;80608;Lagoa e Carvoeiro;LAGOA;FARO
Praia do Salgueiro;Lagoa e CarvoeiroLAGOAFARO;80608;Lagoa e Carvoeiro;LAGOA;FARO
Praia da Estaquinha;Lagoa e CarvoeiroLAGOAFARO;80608;Lagoa e Carvoeiro;LAGOA;FARO
Praia de Albandeira;PorchesLAGOAFARO;80604;Porches;LAGOA;FARO
Praia das Fontainhas;PorchesLAGOAFARO;80604;Porches;LAGOA;FARO
Praia da Morena;PorchesLAGOAFARO;80604;Porches;LAGOA;FARO
Praia do Pontal;PorchesLAGOAFARO;80604;Porches;LAGOA;FARO
Praia do Barranco;PorchesLAGOAFARO;80604;Porches;LAGOA;FARO
Praia do Barranco (Este);PorchesLAGOAFARO;80604;Porches;LAGOA;FARO
Praia Nova;PorchesLAGOAFARO;80604;Porches;LAGOA;FARO
Praia da Senhora da Rocha;PorchesLAGOAFARO;80604;Porches;LAGOA;FARO
Praia da Ponta da Adega (Oeste);PorchesLAGOAFARO;80604;Porches;LAGOA;FARO
Praia da Ponta da Adega (Este);PorchesLAGOAFARO;80604;Porches;LAGOA;FARO
Praia das Escaleiras;PorchesLAGOAFARO;80604;Porches;LAGOA;FARO
Praia dos Cavalos;PorchesLAGOAFARO;80604;Porches;LAGOA;FARO
Praia da Cova Redonda;PorchesLAGOAFARO;80604;Porches;LAGOA;FARO
Praia dos Tremoços (Oeste);PorchesLAGOAFARO;80604;Porches;LAGOA;FARO
Praia dos Tremoços;PorchesLAGOAFARO;80604;Porches;LAGOA;FARO
Praia dos Beijinhos;PorchesLAGOAFARO;80604;Porches;LAGOA;FARO
Praia dos Beijinhos (Este);PorchesLAGOAFARO;80604;Porches;LAGOA;FARO
Praia do Vale do Olival;PorchesLAGOAFARO;80604;Porches;LAGOA;FARO
Praia de Armação de Pêra;Armação de PêraSILVESFARO;81303;Armação de Pêra;SILVES;FARO
Praia Grande de Pêra (Poente);Alcantarilha e PêraSILVESFARO;81309;Alcantarilha e Pêra;SILVES;FARO
Praia Grande de Pêra (Nascente);Alcantarilha e PêraSILVESFARO;81309;Alcantarilha e Pêra;SILVES;FARO
Praia dos Salgados;GuiaALBUFEIRAFARO;80102;Guia;ALBUFEIRA;FARO
Praia da Galé (Oeste);GuiaALBUFEIRAFARO;80102;Guia;ALBUFEIRA;FARO
Praia da Galé (Leste);GuiaALBUFEIRAFARO;80102;Guia;ALBUFEIRA;FARO
Praia de Manuel Lourenço;GuiaALBUFEIRAFARO;80102;Guia;ALBUFEIRA;FARO
Praia da Balbina;Albufeira e Olhos de ÁguaALBUFEIRAFARO;80106;Albufeira e Olhos de Água;ALBUFEIRA;FARO
Praia do Evaristo;Albufeira e Olhos de ÁguaALBUFEIRAFARO;80106;Albufeira e Olhos de Água;ALBUFEIRA;FARO
Praia do Castelo;Albufeira e Olhos de ÁguaALBUFEIRAFARO;80106;Albufeira e Olhos de Água;ALBUFEIRA;FARO
Praia da Maré das Porcas;Albufeira e Olhos de ÁguaALBUFEIRAFARO;80106;Albufeira e Olhos de Água;ALBUFEIRA;FARO
Praia da Coelha;Albufeira e Olhos de ÁguaALBUFEIRAFARO;80106;Albufeira e Olhos de Água;ALBUFEIRA;FARO
Praia da Ponta Grande;Albufeira e Olhos de ÁguaALBUFEIRAFARO;80106;Albufeira e Olhos de Água;ALBUFEIRA;FARO
Praia da Ponta Pequena;Albufeira e Olhos de ÁguaALBUFEIRAFARO;80106;Albufeira e Olhos de Água;ALBUFEIRA;FARO
Praia do Ninho de Andorinha;Albufeira e Olhos de ÁguaALBUFEIRAFARO;80106;Albufeira e Olhos de Água;ALBUFEIRA;FARO
Praia de São Rafael;Albufeira e Olhos de ÁguaALBUFEIRAFARO;80106;Albufeira e Olhos de Água;ALBUFEIRA;FARO
Praia da Vigia;Albufeira e Olhos de ÁguaALBUFEIRAFARO;80106;Albufeira e Olhos de Água;ALBUFEIRA;FARO
Praia de Arrifes;Albufeira e Olhos de ÁguaALBUFEIRAFARO;80106;Albufeira e Olhos de Água;ALBUFEIRA;FARO
Praia do Arrifão;Albufeira e Olhos de ÁguaALBUFEIRAFARO;80106;Albufeira e Olhos de Água;ALBUFEIRA;FARO
Praia do Risco;Albufeira e Olhos de ÁguaALBUFEIRAFARO;80106;Albufeira e Olhos de Água;ALBUFEIRA;FARO
Praia da Baleeira;Albufeira e Olhos de ÁguaALBUFEIRAFARO;80106;Albufeira e Olhos de Água;ALBUFEIRA;FARO
Praia do Peneco;Albufeira e Olhos de ÁguaALBUFEIRAFARO;80106;Albufeira e Olhos de Água;ALBUFEIRA;FARO
Praia dos Pescadores;Albufeira e Olhos de ÁguaALBUFEIRAFARO;80106;Albufeira e Olhos de Água;ALBUFEIRA;FARO
Praia do INATEL;Albufeira e Olhos de ÁguaALBUFEIRAFARO;80106;Albufeira e Olhos de Água;ALBUFEIRA;FARO
Praia dos Alemães;Albufeira e Olhos de ÁguaALBUFEIRAFARO;80106;Albufeira e Olhos de Água;ALBUFEIRA;FARO
Praia dos Aveiros;Albufeira e Olhos de ÁguaALBUFEIRAFARO;80106;Albufeira e Olhos de Água;ALBUFEIRA;FARO
Praia da Oura;Albufeira e Olhos de ÁguaALBUFEIRAFARO;80106;Albufeira e Olhos de Água;ALBUFEIRA;FARO
Praia da Oura (Leste);Albufeira e Olhos de ÁguaALBUFEIRAFARO;80106;Albufeira e Olhos de Água;ALBUFEIRA;FARO
Praia de Santa Eulália;Albufeira e Olhos de ÁguaALBUFEIRAFARO;80106;Albufeira e Olhos de Água;ALBUFEIRA;FARO
Praia da Balaia (Leste);Albufeira e Olhos de ÁguaALBUFEIRAFARO;80106;Albufeira e Olhos de Água;ALBUFEIRA;FARO
Praia Maria Luísa;Albufeira e Olhos de ÁguaALBUFEIRAFARO;80106;Albufeira e Olhos de Água;ALBUFEIRA;FARO
Praia dos Olhos de Água;Albufeira e Olhos de ÁguaALBUFEIRAFARO;80106;Albufeira e Olhos de Água;ALBUFEIRA;FARO
Praia das Belharucas;Albufeira e Olhos de ÁguaALBUFEIRAFARO;80106;Albufeira e Olhos de Água;ALBUFEIRA;FARO
Praia da Falésia (Açoteias);Albufeira e Olhos de ÁguaALBUFEIRAFARO;80106;Albufeira e Olhos de Água;ALBUFEIRA;FARO
Praia da Falésia (Alfamar);Albufeira e Olhos de ÁguaALBUFEIRAFARO;80106;Albufeira e Olhos de Água;ALBUFEIRA;FARO
Praia do Poço Velho;Albufeira e Olhos de ÁguaALBUFEIRAFARO;80106;Albufeira e Olhos de Água;ALBUFEIRA;FARO
Praia da Rocha Baixinha (Poente);Albufeira e Olhos de ÁguaALBUFEIRAFARO;80106;Albufeira e Olhos de Água;ALBUFEIRA;FARO
Praia da Rocha Baixinha;Albufeira e Olhos de ÁguaALBUFEIRAFARO;80106;Albufeira e Olhos de Água;ALBUFEIRA;FARO
Praia da Rocha Baixinha (Nascente);Albufeira e Olhos de ÁguaALBUFEIRAFARO;80106;Albufeira e Olhos de Água;ALBUFEIRA;FARO
Praia da Rocha Baixinha (Nascente-Loulé);QuarteiraLOULÉFARO;80805;Quarteira;LOULÉ;FARO
Praia de Vilamoura;QuarteiraLOULÉFARO;80805;Quarteira;LOULÉ;FARO
Praia de Quarteira;QuarteiraLOULÉFARO;80805;Quarteira;LOULÉ;FARO
Praia do Forte Novo;QuarteiraLOULÉFARO;80805;Quarteira;LOULÉ;FARO
Praia do Almargem;QuarteiraLOULÉFARO;80805;Quarteira;LOULÉ;FARO
Praia de Loulé Velho;QuarteiraLOULÉFARO;80805;Quarteira;LOULÉ;FARO
Praia do Trafal;QuarteiraLOULÉFARO;80805;Quarteira;LOULÉ;FARO
Praia de Vale do Lobo;AlmancilLOULÉFARO;80801;Almancil;LOULÉ;FARO
Praia do Garrão (Poente);AlmancilLOULÉFARO;80801;Almancil;LOULÉ;FARO
Praia do Garrão (Nascente);AlmancilLOULÉFARO;80801;Almancil;LOULÉ;FARO
Praia do Ancão;AlmancilLOULÉFARO;80801;Almancil;LOULÉ;FARO
Praia da Quinta do Lago;AlmancilLOULÉFARO;80801;Almancil;LOULÉ;FARO
Praia de Faro (Mar);MontenegroFAROFARO;80506;Montenegro;FARO;FARO
Praia de Faro (Este);MontenegroFAROFARO;80506;Montenegro;FARO;FARO
Praia da Barrinha;Faro (Sé e São Pedro)FAROFARO;80508;Faro (Sé e São Pedro);FARO;FARO
Praia da Barreta (Mar);Faro (Sé e São Pedro)FAROFARO;80508;Faro (Sé e São Pedro);FARO;FARO
Praia da Ilha do Farol (Mar);Faro (Sé e São Pedro)FAROFARO;80508;Faro (Sé e São Pedro);FARO;FARO
Praia da Culatra (Mar);Faro (Sé e São Pedro)FAROFARO;80508;Faro (Sé e São Pedro);FARO;FARO
Praia da Armona (Mar);QuelfesOLHÃOFARO;81005;Quelfes;OLHÃO;FARO
Praia da Fuseta (Mar);Moncarapacho e FusetaOLHÃOFARO;81006;Moncarapacho e Fuseta;OLHÃO;FARO
Praia da Barra da Fuseta;Moncarapacho e FusetaOLHÃOFARO;81006;Moncarapacho e Fuseta;OLHÃO;FARO
Praia do Homem Nu;Luz de Tavira e Santo EstêvãoTAVIRAFARO;81411;Luz de Tavira e Santo Estêvão;TAVIRA;FARO
Praia do Barril;Santa LuziaTAVIRAFARO;81408;Santa Luzia;TAVIRA;FARO
Praia da Terra Estreita;Santa LuziaTAVIRAFARO;81408;Santa Luzia;TAVIRA;FARO
Praia da Ilha de Tavira (Mar);Tavira (Santa Maria e Santiago)TAVIRAFARO;81412;Tavira (Santa Maria e Santiago);TAVIRA;FARO
Praia do Forte da Barra;Tavira (Santa Maria e Santiago)TAVIRAFARO;81412;Tavira (Santa Maria e Santiago);TAVIRA;FARO
Praia do Golden;Conceição e Cabanas de TaviraTAVIRAFARO;81410;Conceição e Cabanas de Tavira;TAVIRA;FARO
Praia de Cabanas (Mar);Conceição e Cabanas de TaviraTAVIRAFARO;81410;Conceição e Cabanas de Tavira;TAVIRA;FARO
Praia do Lacém (Mar);Conceição e Cabanas de TaviraTAVIRAFARO;81410;Conceição e Cabanas de Tavira;TAVIRA;FARO
Praia do Sítio da Fábrica (Mar);Vila Nova de CacelaVILA REAL DE SANTO ANTÓNIOFARO;81601;Vila Nova de Cacela;VILA REAL DE SANTO ANTÓNIO;FARO
Praia de Cacela Velha;Vila Nova de CacelaVILA REAL DE SANTO ANTÓNIOFARO;81601;Vila Nova de Cacela;VILA REAL DE SANTO ANTÓNIO;FARO
Praia da Manta Rota;Vila Nova de CacelaVILA REAL DE SANTO ANTÓNIOFARO;81601;Vila Nova de Cacela;VILA REAL DE SANTO ANTÓNIO;FARO
Praia da Lota;Vila Nova de CacelaVILA REAL DE SANTO ANTÓNIOFARO;81601;Vila Nova de Cacela;VILA REAL DE SANTO ANTÓNIO;FARO
Praia da Alagoa;AlturaCASTRO MARIMFARO;80404;Altura;CASTRO MARIM;FARO
Praia Verde;Castro MarimCASTRO MARIMFARO;80402;Castro Marim;CASTRO MARIM;FARO
Praia do Cabeço;Castro MarimCASTRO MARIMFARO;80402;Castro Marim;CASTRO MARIM;FARO
Praia de Adão e Eva;Monte GordoVILA REAL DE SANTO ANTÓNIOFARO;81603;Monte Gordo;VILA REAL DE SANTO ANTÓNIO;FARO
Praia de Monte Gordo;Monte GordoVILA REAL DE SANTO ANTÓNIOFARO;81603;Monte Gordo;VILA REAL DE SANTO ANTÓNIO;FARO
Praia de Santo António;Vila Real de Santo AntónioVILA REAL DE SANTO ANTÓNIOFARO;81602;Vila Real de Santo António;VILA REAL DE SANTO ANTÓNIO;FARO
Praia da Ponta da Areia;Vila Real de Santo AntónioVILA REAL DE SANTO ANTÓNIOFARO;81602;Vila Real de Santo António;VILA REAL DE SANTO ANTÓNIO;FARO
